0,1,2,3,4,5,6,7,8,9,10,11,12,13,14,15,16,17,18,19,20,21,22,23,24,25,26,27,28,29,30,31,32,33,34,35,36,37,38,39,40,41,42,43,44,45,46,47,48,49,50,51,52,53,54,55,56,57,58,59,60,61,62,63,64,65,66,67,68,69,70,71,72,73,74,75,76,77,78,79,80,81,82,83,84,85,86,87,88,89,90,91,92,93,94,95,96,97,98,99,100,101,102,103,104,105,106,107,108,109,110,111,112,113,114,115,116,117,118,119,120,121,122,123,124,125,126,127,128,129,130,131,132,133,134,135,136,137,138,139,140,141,142,143,144,145,146,147,148,149,150,151,152,153,154,155,156,157,158,159,160,161,162,163,164,165,166,167,168,169,170,171,172,173,174,175,176,177,178,179,180,181,182,183,184,185,186,187,188,189,190,191,192,193,194,195,196,197,198,199,200,201,202,203,204,205,206,207,208,209,210,211,212,213,214,215,216,217,218,219,220,221,222,223,224,225,226,227,228,229,230,231,232,233,234,235,236,237,238,239,240,241,242,243,244,245,246,247,248,249,250,251,252,253,254,255
0.527451,0.5107843,0.51274514,0.5892157,0.6647059,0.6862745,0.6901961,0.65588236,0.6509804,0.67156863,0.54313725,0.52156866,0.63235295,0.6450981,0.6509804,0.5980392,0.35588235,0.28235295,0.6843138,0.6637255,0.6284314,0.6578431,0.6392157,0.6372549,0.64411765,0.654902,0.6372549,0.47941178,0.29607844,0.54313725,0.63235295,0.63529414,0.60588235,0.39215687,0.34901962,0.4392157,0.45784312,0.5029412,0.5294118,0.4882353,0.4911765,0.4911765,0.4882353,0.5098039,0.49509805,0.5,0.4862745,0.49705884,0.4852941,0.48333335,0.4490196,0.42352942,0.422549,0.42941177,0.36568627,0.33431372,0.33039215,0.32843137,0.32941177,0.3392157,0.33529413,0.3372549,0.34411764,0.35,0.3509804,0.34215686,0.34215686,0.33529413,0.3617647,0.39803922,0.39607844,0.39019608,0.3990196,0.41274512,0.4117647,0.40588236,0.39705884,0.4019608,0.40882355,0.40490198,0.41274512,0.41568628,0.4137255,0.41764706,0.4137255,0.42058825,0.40882355,0.42647058,0.41568628,0.42450982,0.43039215,0.43823528,0.42941177,0.4392157,0.43333334,0.4392157,0.43627453,0.43627453,0.42352942,0.42058825,0.42450982,0.42647058,0.42941177,0.42745098,0.43235296,0.4372549,0.4392157,0.44509804,0.44509804,0.43333334,0.43235296,0.43333334,0.43333334,0.43529412,0.43039215,0.43235296,0.4343137,0.4401961,0.44607842,0.44411767,0.4392157,0.43823528,0.44117647,0.4401961,0.44607842,0.44607842,0.44215685,0.4509804,0.4617647,0.4627451,0.45588237,0.45294118,0.45,0.4627451,0.45882353,0.4617647,0.45588237,0.45686275,0.4637255,0.46862745,0.4764706,0.4735294,0.46862745,0.46960783,0.4754902,0.46862745,0.4627451,0.4627451,0.46568626,0.46862745,0.46568626,0.47058824,0.46666667,0.46666667,0.8127451,0.8029412,0.79019606,0.7754902,0.78039217,0.78431374,0.7892157,0.79313725,0.79509807,0.7980392,0.80098045,0.8058824,0.8088235,0.8117647,0.8117647,0.8137255,0.8117647,0.8117647,0.8088235,0.8117647,0.822549,0.8392157,0.85588235,0.8637255,0.8794118,0.88823533,0.89117646,0.8980392,0.9009804,0.9039216,0.89607847,0.8784314,0.76862746,0.46960783,0.83137256,0.8362745,0.8411765,0.85294116,0.85882354,0.8558824,0.85392153,0.85294116,0.85392153,0.8558824,0.8480392,0.8392157,0.8362745,0.8333333,0.83235294,0.8333333,0.8362745,0.8362745,0.83431375,0.8303922,0.8362745,0.8411765,0.8372549,0.84901965,0.8637255,0.86764705,0.8656863,0.8637255,0.85882354,0.85490197,0.85,0.8450981,0.84705883,0.80980396,0.83235294,0.85784316,0.85588235,0.8392157,0.81960785,0.8147059,0.80980396,0.81764704,0.82549024,0.82058823,0.8137255,0.87352943,0.91176474,0.86764705,0.59411764,0.6401961,0.6696079,0.7058824,0.72745097,0.6578432,0.6784314,0.7656863,0.76960784,0.7921569,0.7784314,0.65686274,0.3990196,0.3882353,0.39019608,0.40294117,0.4166667,0.43235296,0.42745098,0.42647058
0.50392157,0.5137255,0.504902,0.5519608,0.6529412,0.6745098,0.6627451,0.6803922,0.67156863,0.67058825,0.6352941,0.51862746,0.54117644,0.67058825,0.65686274,0.6362745,0.572549,0.33235294,0.6450981,0.6490196,0.6529412,0.672549,0.66862744,0.63431376,0.65196085,0.64607847,0.64607847,0.5803921,0.30490196,0.51274514,0.62254906,0.6294118,0.6313726,0.36862746,0.35490197,0.44509804,0.45294118,0.42450982,0.4637255,0.48137254,0.49411765,0.47941178,0.4764706,0.47941178,0.45,0.47254902,0.43235296,0.43823528,0.43039215,0.41960785,0.42941177,0.42352942,0.3882353,0.3754902,0.33431372,0.33431372,0.33529413,0.33529413,0.32843137,0.33137256,0.33137256,0.32941177,0.34215686,0.34313726,0.3480392,0.34509805,0.34019607,0.34215686,0.3647059,0.4019608,0.40392157,0.40588236,0.4019608,0.4019608,0.40588236,0.41274512,0.4019608,0.4107843,0.4107843,0.40882355,0.42058825,0.41470587,0.42941177,0.41568628,0.41764706,0.41470587,0.41764706,0.41764706,0.42352942,0.41470587,0.42450982,0.4137255,0.43137255,0.41764706,0.4254902,0.42450982,0.43235296,0.42745098,0.42352942,0.42450982,0.42450982,0.4284314,0.42156863,0.42941177,0.43333334,0.4392157,0.44509804,0.44117647,0.4343137,0.44215685,0.43823528,0.44117647,0.44313726,0.43529412,0.43823528,0.43235296,0.43039215,0.4372549,0.4490196,0.44411767,0.44313726,0.44117647,0.44117647,0.44117647,0.44411767,0.44705883,0.45,0.45392156,0.45784312,0.45882353,0.45882353,0.45392156,0.45392156,0.45882353,0.45392156,0.45294118,0.45392156,0.45882353,0.4627451,0.4627451,0.4627451,0.46568626,0.46960783,0.46666667,0.46568626,0.46764708,0.46568626,0.4627451,0.46568626,0.45784312,0.46764708,0.46862745,0.47058824,0.4745098,0.8460784,0.8843137,0.8666667,0.8411765,0.8019608,0.7745098,0.7784314,0.78333336,0.7892157,0.7941176,0.79509807,0.7970588,0.80098045,0.8039216,0.8068628,0.8088235,0.8088235,0.8088235,0.8088235,0.8088235,0.80588233,0.8088235,0.81960785,0.8382353,0.8519608,0.8598039,0.8754902,0.88431376,0.89215684,0.8990196,0.9019608,0.72156864,0.43235296,0.85882354,0.8362745,0.82843137,0.82843137,0.84019613,0.85882354,0.8627451,0.85882354,0.8558824,0.85294116,0.85,0.8480392,0.8362745,0.8333334,0.8303922,0.8245098,0.82549024,0.8303922,0.83137256,0.8352941,0.8392157,0.83431375,0.8362745,0.8411765,0.8411765,0.84901965,0.8647059,0.8754902,0.87352943,0.86960787,0.8656863,0.85784316,0.8519608,0.8519608,0.8509804,0.8127451,0.822549,0.84705883,0.845098,0.8303922,0.8127451,0.80490196,0.822549,0.8303922,0.82843137,0.8235294,0.81470585,0.9088235,0.69215685,0.6529412,0.61764705,0.7117647,0.6970588,0.7745098,0.74705887,0.7558824,0.8039216,0.8401961,0.72450984,0.60588235,0.2529412,0.39019608,0.38431373,0.38039216,0.39705884,0.39411765,0.40784314,0.39705884,0.4
0.5137255,0.5107843,0.517647,0.49411765,0.6303922,0.66078436,0.67647064,0.6686275,0.67352945,0.6745098,0.6686275,0.58431375,0.51274514,0.6009804,0.6666667,0.6509804,0.62058824,0.44509804,0.32254902,0.66176474,0.6431372,0.6627451,0.659804,0.65,0.63235295,0.64411765,0.654902,0.60490197,0.46764708,0.29313725,0.5392157,0.62352943,0.6303922,0.62647057,0.377451,0.3754902,0.4009804,0.47156864,0.4745098,0.43529412,0.45784312,0.46960783,0.43529412,0.422549,0.44313726,0.3990196,0.422549,0.4254902,0.41470587,0.39411765,0.3892157,0.37254903,0.3735294,0.33137256,0.32647058,0.327451,0.33137256,0.33137256,0.33235294,0.33333334,0.33235294,0.3372549,0.3392157,0.34117648,0.34313726,0.34607843,0.34411764,0.3382353,0.36568627,0.3990196,0.39607844,0.4019608,0.40294117,0.40490198,0.4019608,0.40784314,0.40490198,0.40784314,0.40882355,0.40980393,0.4137255,0.40882355,0.41568628,0.40882355,0.4117647,0.4107843,0.41764706,0.41568628,0.422549,0.42058825,0.42941177,0.41764706,0.42647058,0.43235296,0.4284314,0.43627453,0.42745098,0.42450982,0.42941177,0.43333334,0.43235296,0.42450982,0.4254902,0.42941177,0.42941177,0.43333334,0.4372549,0.43137255,0.4372549,0.4392157,0.43137255,0.43333334,0.4392157,0.43039215,0.44215685,0.43627453,0.43333334,0.4372549,0.42941177,0.44313726,0.44117647,0.4401961,0.44607842,0.44509804,0.43823528,0.44215685,0.45,0.4509804,0.45392156,0.4509804,0.45392156,0.4509804,0.45392156,0.45980394,0.4519608,0.45392156,0.45784312,0.4627451,0.46862745,0.45980394,0.45784312,0.4637255,0.45980394,0.4637255,0.4627451,0.4617647,0.4637255,0.46568626,0.46666667,0.4627451,0.46862745,0.47254902,0.46960783,0.47254902,0.46960783,0.91176474,0.9078431,0.9019608,0.87941176,0.8509804,0.8401961,0.8176471,0.77549016,0.78333336,0.7892157,0.79019606,0.7921569,0.79313725,0.7921569,0.8,0.80784315,0.81078434,0.8117647,0.8117647,0.8117647,0.8117647,0.81078434,0.81960785,0.84019613,0.85588235,0.8637255,0.87745094,0.8862745,0.8931372,0.74313724,0.48333335,0.9039216,0.8901961,0.8686274,0.8382353,0.81764704,0.8235294,0.8352941,0.8637255,0.8666667,0.8627451,0.8568628,0.8519608,0.845098,0.83431375,0.8303922,0.82549024,0.8245098,0.82254905,0.82156867,0.82058823,0.82254905,0.82843137,0.84019613,0.8352941,0.8362745,0.8411765,0.84313726,0.8480392,0.85882354,0.87745094,0.8803922,0.87745094,0.8715686,0.8598039,0.84705883,0.8509804,0.8539216,0.8352941,0.8294118,0.8352941,0.8333334,0.82058823,0.80980396,0.82058823,0.83431375,0.83431375,0.8303922,0.72156864,0.6686275,0.6862745,0.7009804,0.7068628,0.7107843,0.8088235,0.7617647,0.81960785,0.83137256,0.84411764,0.7156863,0.32941177,0.27450982,0.25490198,0.39705884,0.40294117,0.40686274,0.4009804,0.41568628,0.43039215,0.4284314,0.40686274
0.49803922,0.50196075,0.6362745,0.5147059,0.5294118,0.65686274,0.63235295,0.66568625,0.6647059,0.67941177,0.6686275,0.6480392,0.5284314,0.527451,0.64117646,0.66176474,0.64117646,0.58137256,0.32352942,0.58137256,0.65882355,0.6892157,0.6833334,0.67058825,0.64705884,0.6401961,0.65588236,0.6392157,0.5852941,0.29803923,0.5245098,0.6215686,0.6313726,0.61960787,0.38039216,0.37843138,0.40392157,0.42352942,0.43137255,0.4166667,0.40686274,0.4372549,0.422549,0.40392157,0.39215687,0.39411765,0.38235295,0.38333333,0.3764706,0.37058824,0.34117648,0.33333334,0.32352942,0.32352942,0.3245098,0.3254902,0.327451,0.32941177,0.33529413,0.3362745,0.33235294,0.34117648,0.34117648,0.34019607,0.3392157,0.3372549,0.3392157,0.34313726,0.39313728,0.4019608,0.3990196,0.40490198,0.3990196,0.40294117,0.40588236,0.40294117,0.40980393,0.4117647,0.4117647,0.41470587,0.40588236,0.4166667,0.41274512,0.41862744,0.40882355,0.40784314,0.4117647,0.4137255,0.4117647,0.41568628,0.40588236,0.42058825,0.41274512,0.42745098,0.41960785,0.4254902,0.42745098,0.4254902,0.42352942,0.4284314,0.43039215,0.43823528,0.43039215,0.43039215,0.43333334,0.43137255,0.4372549,0.43235296,0.4392157,0.43333334,0.4343137,0.44607842,0.44313726,0.43529412,0.44313726,0.4401961,0.43529412,0.43823528,0.43627453,0.44313726,0.44117647,0.44607842,0.45,0.44215685,0.4372549,0.44117647,0.4490196,0.45294118,0.45392156,0.45392156,0.4509804,0.45392156,0.4617647,0.46568626,0.46568626,0.46568626,0.46078432,0.46764708,0.45980394,0.45980394,0.4627451,0.46078432,0.45980394,0.45882353,0.4637255,0.46568626,0.46960783,0.4745098,0.46960783,0.46862745,0.46862745,0.4745098,0.4754902,0.4754902,0.47745097,0.8147059,0.91176474,0.9137255,0.91176474,0.90588236,0.89411765,0.88235295,0.8627451,0.82058823,0.78333336,0.77156866,0.78431374,0.7911765,0.79509807,0.8029412,0.8068628,0.8088235,0.8117647,0.8137255,0.8117647,0.8117647,0.8137255,0.8137255,0.81960785,0.8352941,0.85588235,0.8656863,0.87745094,0.75980395,0.5098039,0.904902,0.9009804,0.9039216,0.90000004,0.88235295,0.85490197,0.8333334,0.82549024,0.8372549,0.86764705,0.87058824,0.8647059,0.85784316,0.8519608,0.845098,0.8333334,0.82843137,0.82843137,0.82843137,0.82549024,0.8176471,0.82254905,0.82549024,0.8245098,0.8372549,0.8362745,0.8372549,0.84019613,0.8411765,0.84411764,0.85,0.86960787,0.8803922,0.8794118,0.872549,0.8666667,0.85,0.8372549,0.8509804,0.8480392,0.82843137,0.81764704,0.81666666,0.80490196,0.8039216,0.827451,0.8421569,0.6117647,0.704902,0.65686274,0.68333334,0.727451,0.7117647,0.7705883,0.8088236,0.79901963,0.77254903,0.8117647,0.7754902,0.25,0.2754902,0.28039217,0.28529412,0.4107843,0.40980393,0.40392157,0.39509803,0.38627452,0.40882355,0.4392157,0.4019608
0.48725492,0.57058823,0.67352945,0.6156863,0.5156863,0.577451,0.6745098,0.67058825,0.68333334,0.66568625,0.68529415,0.6401961,0.627451,0.5117647,0.55588233,0.6686275,0.65000004,0.6196078,0.5137255,0.327451,0.6833334,0.6784314,0.69411767,0.654902,0.6529412,0.6539216,0.64607847,0.6578432,0.6215687,0.46862745,0.27941176,0.56470585,0.6245098,0.6254902,0.6303922,0.38039216,0.38627452,0.37156862,0.40490198,0.40294117,0.4107843,0.39019608,0.3754902,0.3754902,0.34411764,0.33529413,0.33431372,0.33431372,0.33431372,0.33529413,0.33529413,0.33235294,0.32941177,0.327451,0.33137256,0.32941177,0.33235294,0.33431372,0.3392157,0.3382353,0.3372549,0.34019607,0.34019607,0.34019607,0.33529413,0.3392157,0.34215686,0.3480392,0.39607844,0.3990196,0.39607844,0.40294117,0.4,0.4019608,0.39607844,0.3990196,0.4019608,0.40784314,0.40490198,0.40588236,0.40588236,0.40588236,0.40588236,0.40588236,0.41764706,0.40784314,0.40980393,0.4137255,0.4107843,0.4166667,0.41960785,0.42352942,0.41764706,0.42450982,0.4254902,0.42941177,0.42745098,0.42450982,0.42647058,0.43039215,0.42647058,0.422549,0.42745098,0.42450982,0.43137255,0.43039215,0.4254902,0.4284314,0.42156863,0.4284314,0.42941177,0.43333334,0.43333334,0.44607842,0.44313726,0.43235296,0.44313726,0.4372549,0.4490196,0.45294118,0.45,0.45784312,0.45392156,0.44509804,0.44509804,0.44411767,0.45,0.45294118,0.4509804,0.4519608,0.45490196,0.4617647,0.45980394,0.45980394,0.46470588,0.45980394,0.46568626,0.45980394,0.4627451,0.4617647,0.46078432,0.45686275,0.4617647,0.46666667,0.4637255,0.46568626,0.46862745,0.47745097,0.47745097,0.47156864,0.46764708,0.46960783,0.46960783,0.4754902,0.4735294,0.47843137,0.89117646,0.9019608,0.9166667,0.9166667,0.91176474,0.9009804,0.8764706,0.8617647,0.84705883,0.79803926,0.78333336,0.79019606,0.79509807,0.7990196,0.8029412,0.8068628,0.8117647,0.8117647,0.8137255,0.8137255,0.8147059,0.8147059,0.8156863,0.81764704,0.82843137,0.84705883,0.7588235,0.54313725,0.88529414,0.8901961,0.89411765,0.8990196,0.9019608,0.8990196,0.89411765,0.8745098,0.8539216,0.85294116,0.8607843,0.872549,0.8754902,0.8666667,0.8558824,0.8519608,0.845098,0.83725494,0.82843137,0.827451,0.82254905,0.82549024,0.82843137,0.82843137,0.822549,0.82549024,0.83431375,0.8362745,0.8392157,0.8362745,0.8411765,0.84019613,0.8392157,0.85588235,0.8686274,0.8715686,0.8715686,0.8637255,0.8411765,0.8303922,0.84411764,0.84411764,0.82058823,0.8068627,0.7784314,0.78627455,0.8166667,0.6588235,0.68039215,0.6627451,0.73039216,0.73627454,0.7460785,0.76666665,0.85294116,0.8156863,0.80784315,0.82549024,0.6539216,0.2754902,0.27745098,0.28627452,0.28333333,0.29215688,0.41470587,0.41274512,0.40882355,0.4166667,0.4166667,0.4284314,0.42941177,0.4343137
0.5107843,0.6362745,0.6627451,0.65686274,0.55980396,0.5117647,0.6215686,0.66176474,0.6882353,0.6568628,0.66176474,0.6480392,0.67156863,0.5715686,0.52549016,0.59901965,0.67352945,0.6333333,0.6147059,0.3245098,0.40686274,0.6696079,0.6911765,0.67647064,0.66078436,0.64705884,0.65196085,0.6490196,0.6362745,0.58431375,0.29411766,0.5333333,0.6294118,0.63529414,0.62254906,0.42058825,0.39509803,0.38333333,0.377451,0.36666667,0.3745098,0.36568627,0.33529413,0.33137256,0.3382353,0.34019607,0.33529413,0.33529413,0.33137256,0.33137256,0.3382353,0.3372549,0.3362745,0.3392157,0.33137256,0.33137256,0.33431372,0.33529413,0.3382353,0.34313726,0.34411764,0.34019607,0.3372549,0.33529413,0.33529413,0.33431372,0.34411764,0.35784313,0.3990196,0.39705884,0.39607844,0.4,0.4019608,0.3990196,0.3990196,0.39607844,0.3990196,0.40490198,0.4019608,0.40294117,0.40686274,0.40882355,0.40686274,0.4166667,0.41274512,0.41274512,0.41274512,0.40686274,0.40980393,0.40686274,0.40882355,0.42058825,0.41764706,0.41764706,0.42058825,0.42450982,0.42745098,0.42352942,0.42647058,0.4166667,0.42745098,0.42352942,0.4254902,0.42647058,0.43137255,0.43333334,0.42941177,0.43137255,0.43627453,0.43039215,0.43333334,0.42450982,0.4401961,0.44705883,0.4401961,0.44803923,0.4392157,0.44803923,0.4490196,0.44117647,0.44607842,0.4519608,0.4490196,0.45294118,0.44803923,0.4519608,0.4490196,0.45392156,0.45294118,0.4509804,0.45784312,0.45980394,0.46862745,0.46470588,0.45686275,0.45686275,0.45588237,0.45686275,0.45686275,0.45980394,0.4617647,0.45490196,0.45588237,0.46862745,0.4735294,0.46862745,0.46960783,0.4637255,0.47058824,0.47254902,0.4754902,0.4754902,0.4754902,0.47254902,0.4754902,0.47254902,0.6901961,0.9009804,0.8980392,0.9,0.9,0.9127451,0.9078431,0.89705884,0.8843137,0.86470586,0.78431374,0.78137255,0.7892157,0.79509807,0.7990196,0.80098045,0.8058824,0.80980396,0.8117647,0.8127451,0.8127451,0.8127451,0.8137255,0.8156863,0.81764704,0.7558824,0.55784315,0.82941175,0.8686274,0.8794118,0.8872549,0.89117646,0.89607847,0.9009804,0.9039216,0.9009804,0.89117646,0.87647057,0.87058824,0.87352943,0.87745094,0.8745098,0.8637255,0.8421569,0.845098,0.8480392,0.84411764,0.83431375,0.827451,0.82254905,0.82254905,0.83137256,0.8303922,0.827451,0.8264706,0.82843137,0.827451,0.84019613,0.8362745,0.84313726,0.8392157,0.8333334,0.84705883,0.85784316,0.8656863,0.8666667,0.85784316,0.8303922,0.81960785,0.8392157,0.83137256,0.8235294,0.8009804,0.7225491,0.7039216,0.72352946,0.74803925,0.732353,0.7137255,0.6921569,0.8147059,0.81666666,0.8352941,0.8156863,0.8098039,0.5323529,0.2764706,0.27941176,0.29705882,0.28235295,0.27058825,0.35490197,0.41764706,0.4137255,0.41764706,0.4117647,0.40980393,0.39313728,0.4117647,0.42352942
0.55490196,0.65196085,0.6686275,0.6656863,0.6656863,0.517647,0.52254903,0.6568628,0.6627451,0.6578432,0.67352945,0.677451,0.677451,0.6509804,0.52254903,0.52254903,0.6598039,0.6578432,0.627451,0.5382353,0.32941177,0.6990197,0.69411767,0.67647064,0.6696079,0.6490196,0.6431372,0.6372549,0.6392157,0.6166667,0.47156864,0.2627451,0.56666666,0.6294118,0.6294118,0.59901965,0.3764706,0.3362745,0.35784313,0.34705883,0.32843137,0.32352942,0.32254902,0.3254902,0.32941177,0.32941177,0.32941177,0.33137256,0.33137256,0.33529413,0.33529413,0.33529413,0.33137256,0.33235294,0.33529413,0.33529413,0.33039215,0.33235294,0.33529413,0.34019607,0.3480392,0.34411764,0.3392157,0.33235294,0.3362745,0.34117648,0.34117648,0.36372548,0.3990196,0.40588236,0.40392157,0.39509803,0.4019608,0.3990196,0.4019608,0.39607844,0.39705884,0.4019608,0.39803922,0.40392157,0.40588236,0.41470587,0.4117647,0.41568628,0.40882355,0.42058825,0.40980393,0.4117647,0.40980393,0.40686274,0.41764706,0.41568628,0.41568628,0.4137255,0.41470587,0.40588236,0.41764706,0.42156863,0.42156863,0.43039215,0.43039215,0.42745098,0.42745098,0.4284314,0.42647058,0.42647058,0.42058825,0.41862744,0.42156863,0.4284314,0.42647058,0.42941177,0.4372549,0.44411767,0.44803923,0.44803923,0.4401961,0.45,0.45294118,0.4490196,0.44705883,0.44607842,0.4372549,0.44411767,0.44411767,0.44411767,0.44411767,0.44803923,0.45686275,0.45392156,0.4509804,0.4509804,0.45294118,0.45,0.4617647,0.45686275,0.4519608,0.45294118,0.45980394,0.4627451,0.4627451,0.45686275,0.45392156,0.45882353,0.47058824,0.47058824,0.4637255,0.46666667,0.46862745,0.46666667,0.46862745,0.46568626,0.46862745,0.47058824,0.4735294,0.4735294,0.47843137,0.8656863,0.89411765,0.9009804,0.8980392,0.9147059,0.9166667,0.91176474,0.90294117,0.8627451,0.8088236,0.7745098,0.78137255,0.7892157,0.79313725,0.79607844,0.8,0.80098045,0.80490196,0.8088235,0.8117647,0.8117647,0.80980396,0.80980396,0.85294116,0.59313726,0.72156864,0.8235294,0.8421569,0.8656863,0.8745098,0.88431376,0.89117646,0.89411765,0.8990196,0.8980392,0.9009804,0.89705884,0.8892157,0.88235295,0.88235295,0.8803922,0.8656863,0.8509804,0.8382353,0.83137256,0.8421569,0.845098,0.8421569,0.8372549,0.83137256,0.827451,0.82941175,0.8333333,0.8303922,0.827451,0.827451,0.83137256,0.8392157,0.8362745,0.8421569,0.8392157,0.83431375,0.8421569,0.8519608,0.8617647,0.8617647,0.8450981,0.8186275,0.78333336,0.8009804,0.8147059,0.78431374,0.65882355,0.75686276,0.7764706,0.7676471,0.75980395,0.73333335,0.7617647,0.85,0.8598039,0.80588233,0.8186275,0.25,0.27745098,0.28235295,0.29803923,0.28627452,0.30588236,0.3362745,0.3529412,0.41274512,0.40784314,0.40686274,0.41470587,0.41568628,0.43333334,0.44411767,0.44705883
0.5911765,0.654902,0.6509804,0.6362745,0.6647059,0.6156863,0.5058824,0.58823526,0.6813726,0.66078436,0.6539216,0.6627451,0.64215684,0.67156863,0.6156863,0.51862746,0.6009804,0.6696079,0.6431373,0.6215686,0.41764706,0.26666668,0.6813726,0.677451,0.66764706,0.6431373,0.65686274,0.6450981,0.6539216,0.6186274,0.5852941,0.2901961,0.5333333,0.6294118,0.6147059,0.57549024,0.38137257,0.37156862,0.35196078,0.34313726,0.3137255,0.31960785,0.32352942,0.3245098,0.32352942,0.327451,0.32843137,0.32941177,0.33529413,0.33235294,0.33529413,0.33235294,0.33137256,0.33235294,0.33137256,0.33235294,0.33431372,0.33235294,0.33529413,0.3382353,0.34705883,0.35,0.34019607,0.3392157,0.34607843,0.35588235,0.3372549,0.38039216,0.40294117,0.39215687,0.38627452,0.4019608,0.39803922,0.39509803,0.39803922,0.39313728,0.39215687,0.39705884,0.4019608,0.39705884,0.4019608,0.40882355,0.40882355,0.40882355,0.41568628,0.41470587,0.4009804,0.41568628,0.40980393,0.40980393,0.41764706,0.42058825,0.41764706,0.41470587,0.41764706,0.41764706,0.42156863,0.42156863,0.42156863,0.42156863,0.42941177,0.43039215,0.4254902,0.43333334,0.42647058,0.41862744,0.42156863,0.42156863,0.4166667,0.42450982,0.4284314,0.42647058,0.4343137,0.43333334,0.43039215,0.43823528,0.4372549,0.44607842,0.44607842,0.44705883,0.44411767,0.44117647,0.44411767,0.44117647,0.4372549,0.4401961,0.44313726,0.44803923,0.44803923,0.45294118,0.45294118,0.45392156,0.45392156,0.45,0.45588237,0.45980394,0.45686275,0.45784312,0.45882353,0.4519608,0.4509804,0.45392156,0.4509804,0.4509804,0.4637255,0.45980394,0.45980394,0.4627451,0.46078432,0.46568626,0.47254902,0.47254902,0.47254902,0.4637255,0.47254902,0.46960783,0.4764706,0.56666666,0.8901961,0.89705884,0.8990196,0.89607847,0.9,0.9137255,0.91176474,0.8990196,0.8607843,0.81372553,0.7754902,0.78137255,0.78627455,0.7892157,0.79313725,0.7970588,0.7990196,0.7990196,0.8029412,0.8068628,0.8068628,0.81960785,0.6519608,0.6490196,0.80980396,0.81764704,0.82549024,0.83137256,0.85588235,0.87058824,0.8803922,0.8862745,0.8862745,0.89411765,0.89117646,0.8833333,0.8813726,0.8803922,0.88431376,0.88529414,0.8803922,0.8666667,0.85294116,0.8421569,0.83137256,0.8382353,0.8411765,0.845098,0.84705883,0.84411764,0.8352941,0.8303922,0.82843137,0.8303922,0.8303922,0.82941175,0.83431375,0.8392157,0.8450981,0.84901965,0.8450981,0.8362745,0.8421569,0.8519608,0.8617647,0.85490197,0.8372549,0.80980396,0.7872549,0.82843137,0.62352943,0.75196075,0.8362745,0.7617647,0.7941177,0.86470586,0.8333333,0.85882354,0.8147059,0.81960785,0.78431374,0.25,0.27745098,0.28921568,0.2882353,0.28627452,0.3392157,0.3480392,0.2647059,0.35588235,0.40392157,0.40784314,0.3990196,0.42058825,0.4166667,0.43529412,0.44509804,0.42745098
0.65,0.65,0.63823533,0.6686275,0.6656863,0.66176474,0.5480392,0.5058824,0.6568628,0.65588236,0.66176474,0.64411765,0.6568628,0.6627451,0.67156863,0.5490196,0.51666665,0.6333333,0.6313726,0.62352943,0.58235294,0.31666666,0.6735294,0.6696079,0.66764706,0.6450981,0.6245098,0.63823533,0.6450981,0.6196078,0.60490197,0.46764708,0.25,0.56960785,0.6019608,0.5470588,0.4892157,0.37156862,0.30686274,0.33529413,0.30784315,0.31470588,0.31960785,0.32254902,0.32647058,0.32352942,0.32843137,0.32941177,0.33529413,0.33235294,0.33431372,0.33333334,0.3372549,0.33235294,0.33235294,0.33529413,0.33529413,0.33529413,0.33529413,0.34019607,0.34313726,0.36666667,0.38431373,0.34313726,0.3647059,0.3882353,0.36372548,0.3872549,0.39705884,0.4009804,0.3990196,0.39509803,0.3882353,0.39313728,0.39509803,0.39117646,0.39215687,0.39607844,0.4117647,0.4166667,0.40882355,0.40882355,0.4166667,0.40882355,0.4137255,0.41274512,0.40882355,0.41568628,0.4117647,0.41764706,0.42058825,0.422549,0.41862744,0.41960785,0.41764706,0.41862744,0.4166667,0.42156863,0.42156863,0.41960785,0.42745098,0.4284314,0.43039215,0.4254902,0.42156863,0.422549,0.4166667,0.42156863,0.42156863,0.43039215,0.43333334,0.4254902,0.4254902,0.42941177,0.43039215,0.4343137,0.4343137,0.43823528,0.4372549,0.43823528,0.44117647,0.44117647,0.43823528,0.43529412,0.44509804,0.44411767,0.44509804,0.44803923,0.44215685,0.44215685,0.44509804,0.44705883,0.44215685,0.4509804,0.4509804,0.45588237,0.45294118,0.45588237,0.4509804,0.44803923,0.44607842,0.4509804,0.4519608,0.45980394,0.4627451,0.4637255,0.45980394,0.46666667,0.47254902,0.4754902,0.46764708,0.46862745,0.46568626,0.47156864,0.46862745,0.4754902,0.48431373,0.47843137,0.8892157,0.8872549,0.89117646,0.89607847,0.90294117,0.904902,0.9078431,0.9019608,0.88039213,0.827451,0.7784314,0.7784314,0.78039217,0.7823529,0.78627455,0.79019606,0.79313725,0.7970588,0.7990196,0.80098045,0.8009804,0.66862744,0.55980396,0.80098045,0.80098045,0.80098045,0.8147059,0.8245098,0.83431375,0.85490197,0.87058824,0.8745098,0.8803922,0.88235295,0.8833333,0.8745098,0.8647059,0.8666667,0.86764705,0.8745098,0.872549,0.872549,0.8715686,0.8637255,0.85294116,0.8411765,0.8333333,0.8333333,0.8362745,0.845098,0.84607846,0.8392157,0.8333333,0.82843137,0.82843137,0.82941175,0.8303922,0.8362745,0.84313726,0.8480392,0.85490197,0.85490197,0.8519608,0.85,0.8509804,0.8519608,0.84705883,0.83431375,0.8068627,0.8088236,0.704902,0.72745097,0.7392157,0.82843137,0.822549,0.8480392,0.877451,0.8147059,0.86764705,0.6578431,0.27450982,0.27941176,0.29509804,0.28627452,0.2882353,0.29509804,0.34215686,0.25,0.25,0.36960784,0.40686274,0.39509803,0.4117647,0.42450982,0.42745098,0.43333334,0.42156863,0.40686274
0.64117646,0.6529412,0.63823533,0.6450981,0.64705884,0.64215684,0.6362745,0.49313727,0.54607844,0.65882355,0.6627451,0.65686274,0.6480392,0.6362745,0.6627451,0.63725495,0.51862746,0.54607844,0.65000004,0.5980392,0.627451,0.49901962,0.32352942,0.67941177,0.65098035,0.654902,0.63823533,0.63725495,0.6401961,0.6401961,0.61960787,0.57941175,0.28235295,0.5392157,0.60294116,0.5245098,0.5235294,0.54607844,0.33039215,0.32843137,0.30686274,0.3107843,0.3127451,0.31862745,0.3245098,0.32647058,0.33137256,0.33431372,0.33431372,0.33235294,0.33235294,0.33431372,0.33431372,0.33529413,0.33529413,0.3392157,0.3392157,0.3382353,0.33529413,0.3362745,0.33529413,0.36666667,0.39607844,0.38333333,0.39019608,0.3892157,0.3872549,0.39117646,0.4,0.3892157,0.39313728,0.39117646,0.39411765,0.39215687,0.4009804,0.39313728,0.39019608,0.39607844,0.4,0.40490198,0.40882355,0.4019608,0.40392157,0.4107843,0.40784314,0.4107843,0.41568628,0.40882355,0.4117647,0.41764706,0.42156863,0.42450982,0.42450982,0.41764706,0.42156863,0.41960785,0.42450982,0.42450982,0.42647058,0.42352942,0.43235296,0.41862744,0.41862744,0.4254902,0.41960785,0.422549,0.422549,0.42156863,0.42450982,0.42647058,0.43039215,0.43235296,0.43137255,0.4372549,0.4284314,0.43529412,0.43235296,0.4343137,0.43823528,0.43627453,0.43627453,0.43823528,0.4401961,0.4372549,0.4401961,0.44117647,0.44117647,0.44705883,0.45,0.4490196,0.4392157,0.44215685,0.44117647,0.44607842,0.44607842,0.44607842,0.4509804,0.45294118,0.45,0.44803923,0.45392156,0.45588237,0.45490196,0.4627451,0.4627451,0.46764708,0.4637255,0.46078432,0.47058824,0.46862745,0.47156864,0.4627451,0.46764708,0.46666667,0.46862745,0.4764706,0.48137254,0.48235294,0.4617647,0.86960787,0.8813726,0.8862745,0.89117646,0.89607847,0.8892157,0.8715686,0.85490197,0.8264706,0.77156866,0.7696079,0.7754902,0.78333336,0.78627455,0.78627455,0.7872549,0.79019606,0.79509807,0.7941177,0.7176471,0.5205883,0.7990196,0.80098045,0.7990196,0.79607844,0.80098045,0.8058824,0.8186275,0.83431375,0.84705883,0.8607843,0.87058824,0.8754902,0.87745094,0.87352943,0.8656863,0.85490197,0.85784316,0.8519608,0.8598039,0.8607843,0.86764705,0.8715686,0.8745098,0.8656863,0.85490197,0.8421569,0.83137256,0.82843137,0.8362745,0.8411765,0.8392157,0.8362745,0.8303922,0.8303922,0.8303922,0.83137256,0.84019613,0.84607846,0.8519608,0.85882354,0.8637255,0.8686274,0.8647059,0.85490197,0.8480392,0.84705883,0.8509804,0.7882353,0.8254902,0.7166667,0.79509807,0.79509807,0.8480392,0.8745098,0.8666667,0.82843137,0.40294117,0.27450982,0.28235295,0.30294117,0.2882353,0.2882353,0.29117647,0.29117647,0.35196078,0.25,0.3382353,0.39215687,0.4137255,0.37843138,0.40294117,0.4137255,0.41470587,0.43235296,0.40882355,0.42352942
0.62745094,0.6490196,0.66470593,0.6509804,0.6401961,0.6578432,0.6480392,0.6019608,0.49411765,0.58137256,0.6539216,0.65196085,0.65588236,0.66176474,0.6480392,0.64705884,0.5911765,0.5284314,0.5911765,0.6245098,0.62058824,0.6,0.30882353,0.504902,0.66176474,0.6578431,0.6303922,0.6254902,0.6372549,0.63529414,0.62058824,0.6147059,0.45980394,0.25,0.5686275,0.4627451,0.5392157,0.577451,0.3137255,0.34901962,0.30980393,0.3107843,0.3156863,0.32352942,0.31960785,0.32941177,0.33235294,0.33137256,0.32647058,0.327451,0.32941177,0.33137256,0.33333334,0.33529413,0.3392157,0.34215686,0.34215686,0.3382353,0.33529413,0.32941177,0.3372549,0.3617647,0.3872549,0.39019608,0.39313728,0.4019608,0.3990196,0.4019608,0.4019608,0.40392157,0.4009804,0.4009804,0.39411765,0.39117646,0.40294117,0.40294117,0.39117646,0.39313728,0.39411765,0.40294117,0.39705884,0.4019608,0.40588236,0.40588236,0.40588236,0.40490198,0.40784314,0.40392157,0.40294117,0.41274512,0.40784314,0.4137255,0.40980393,0.41568628,0.40784314,0.40980393,0.41764706,0.42156863,0.41862744,0.41764706,0.41862744,0.4254902,0.4166667,0.4254902,0.4254902,0.43039215,0.4401961,0.43235296,0.4343137,0.43235296,0.43235296,0.42941177,0.43137255,0.43137255,0.42745098,0.43235296,0.43529412,0.43235296,0.4343137,0.43529412,0.4343137,0.4343137,0.43823528,0.44313726,0.4372549,0.4392157,0.44509804,0.44411767,0.44509804,0.43823528,0.44411767,0.44411767,0.4509804,0.44705883,0.45392156,0.4519608,0.45686275,0.45392156,0.44509804,0.45,0.4490196,0.45980394,0.45882353,0.45686275,0.46568626,0.46568626,0.4637255,0.4637255,0.45980394,0.46666667,0.4627451,0.45392156,0.45686275,0.4627451,0.4745098,0.48431373,0.4764706,0.47843137,0.48333335,0.8637255,0.85882354,0.8745098,0.8803922,0.8862745,0.88529414,0.8745098,0.84411764,0.80980396,0.7705883,0.7637255,0.76666665,0.7784314,0.7794118,0.7852941,0.78431374,0.78627455,0.7892157,0.76960784,0.5294118,0.79509807,0.7980392,0.79607844,0.7990196,0.7990196,0.7980392,0.8,0.8039216,0.8088235,0.82254905,0.56078434,0.75784314,0.86764705,0.86764705,0.8686274,0.8715686,0.86960787,0.8647059,0.85784316,0.85490197,0.85588235,0.8607843,0.8647059,0.8686274,0.87352943,0.8715686,0.86764705,0.8568628,0.8421569,0.8303922,0.8303922,0.8352941,0.83431375,0.8352941,0.8352941,0.8333333,0.83137256,0.8352941,0.8411765,0.85,0.8558824,0.8598039,0.8686274,0.87352943,0.8715686,0.8627451,0.8519608,0.8362745,0.8068628,0.77745104,0.75784314,0.93235296,0.8215686,0.83431375,0.8568627,0.82254905,0.25,0.27745098,0.28627452,0.29803923,0.28627452,0.2882353,0.29117647,0.29509804,0.29803923,0.33235294,0.3990196,0.39509803,0.39117646,0.4107843,0.39215687,0.38235295,0.4009804,0.4254902,0.43333334,0.40882355,0.44313726
0.627451,0.63823533,0.6529412,0.6529412,0.6607843,0.67058825,0.63823533,0.6627451,0.55,0.5058824,0.6480392,0.6686275,0.64705884,0.67156863,0.65882355,0.6509804,0.64117646,0.55490196,0.5137255,0.62058824,0.6294118,0.6156863,0.527451,0.32941177,0.654902,0.65000004,0.65294117,0.64215684,0.62843144,0.63725495,0.63725495,0.6166667,0.58235294,0.28039217,0.5392157,0.48333335,0.56960785,0.6156863,0.50784314,0.31862745,0.3019608,0.31176472,0.31666666,0.31764707,0.32254902,0.32941177,0.33137256,0.33333334,0.33039215,0.32352942,0.32647058,0.33137256,0.33235294,0.33529413,0.3382353,0.34019607,0.34313726,0.33529413,0.34019607,0.33529413,0.3362745,0.33039215,0.34901962,0.38431373,0.39509803,0.4019608,0.39803922,0.4019608,0.4019608,0.40294117,0.39803922,0.39607844,0.39313728,0.39411765,0.39705884,0.4,0.39411765,0.39607844,0.39509803,0.39705884,0.39705884,0.3990196,0.4,0.4009804,0.4,0.40882355,0.40882355,0.40588236,0.40980393,0.40980393,0.41470587,0.4137255,0.42352942,0.4117647,0.41862744,0.41274512,0.41862744,0.42156863,0.42156863,0.41470587,0.41274512,0.42156863,0.4107843,0.42156863,0.42450982,0.4284314,0.4254902,0.42745098,0.42745098,0.42745098,0.4284314,0.42745098,0.4284314,0.42156863,0.4284314,0.42941177,0.4284314,0.4284314,0.43137255,0.4343137,0.43333334,0.43529412,0.43529412,0.4372549,0.4372549,0.44411767,0.44117647,0.44215685,0.4401961,0.44509804,0.44509804,0.4490196,0.45882353,0.45490196,0.45588237,0.45294118,0.45392156,0.45784312,0.45392156,0.45392156,0.45686275,0.45784312,0.45980394,0.45490196,0.45980394,0.4627451,0.46764708,0.4637255,0.4627451,0.45588237,0.4627451,0.45980394,0.45588237,0.46666667,0.4637255,0.46764708,0.4735294,0.4745098,0.47254902,0.45588237,0.8627451,0.8637255,0.8647059,0.87254906,0.8666667,0.8666667,0.8519608,0.8147059,0.777451,0.7676471,0.76666665,0.76862746,0.7764706,0.7862745,0.7892157,0.7931373,0.7627451,0.55588233,0.7980392,0.79607844,0.7970588,0.79607844,0.7980392,0.8019608,0.8029412,0.7990196,0.7990196,0.8,0.74607843,0.5901961,0.60588235,0.5803921,0.55784315,0.5421569,0.6637255,0.85784316,0.8833333,0.87745094,0.86960787,0.86764705,0.8647059,0.8637255,0.8686274,0.86960787,0.86960787,0.872549,0.872549,0.8686274,0.85294116,0.8392157,0.83235294,0.83431375,0.83431375,0.8352941,0.83823526,0.83823526,0.8333333,0.83823526,0.84411764,0.85294116,0.85882354,0.8598039,0.8627451,0.8656863,0.8627451,0.8617647,0.73627454,0.8715686,0.74803925,0.92156863,0.822549,0.91078436,0.8598039,0.782353,0.26960784,0.27745098,0.29117647,0.29117647,0.2882353,0.2901961,0.29117647,0.29411766,0.29705882,0.3127451,0.39117646,0.3892157,0.3892157,0.39215687,0.41764706,0.39607844,0.4009804,0.41862744,0.4343137,0.42941177,0.41862744,0.45686275
0.6196078,0.6362745,0.6303922,0.6333333,0.64607847,0.65882355,0.6490196,0.6539216,0.6598039,0.49019608,0.55,0.66568625,0.6509804,0.6598039,0.64705884,0.6627451,0.64705884,0.6215686,0.5156863,0.5421569,0.6303922,0.6303922,0.60392153,0.38627452,0.34509805,0.65000004,0.64215684,0.6098039,0.6127451,0.6284314,0.6313726,0.62352943,0.62058824,0.48725492,0.25,0.5333333,0.5745098,0.58137256,0.5137255,0.28921568,0.3,0.30882353,0.31470588,0.31960785,0.32254902,0.32647058,0.33235294,0.33039215,0.32941177,0.3254902,0.32352942,0.33137256,0.33235294,0.33431372,0.33529413,0.33529413,0.3382353,0.3372549,0.3362745,0.3362745,0.3362745,0.3362745,0.3392157,0.34117648,0.3754902,0.39215687,0.39607844,0.39215687,0.4009804,0.39705884,0.39019608,0.3990196,0.4,0.39803922,0.4,0.39411765,0.39607844,0.3990196,0.39313728,0.4009804,0.4,0.40392157,0.4009804,0.40588236,0.4009804,0.40294117,0.4019608,0.40392157,0.40490198,0.4019608,0.40980393,0.41274512,0.40588236,0.41274512,0.4166667,0.41764706,0.42450982,0.42450982,0.42745098,0.41470587,0.42156863,0.4284314,0.42647058,0.42450982,0.43039215,0.42156863,0.42941177,0.42647058,0.41960785,0.42745098,0.422549,0.4284314,0.43039215,0.42450982,0.43235296,0.4343137,0.4343137,0.4343137,0.43137255,0.43039215,0.43235296,0.43137255,0.42941177,0.43823528,0.4372549,0.4372549,0.42941177,0.43627453,0.44117647,0.43627453,0.44509804,0.44509804,0.44705883,0.4617647,0.44803923,0.4509804,0.4509804,0.45490196,0.45490196,0.4509804,0.4509804,0.45980394,0.45784312,0.46666667,0.45784312,0.45588237,0.45392156,0.45490196,0.45490196,0.4509804,0.4509804,0.45784312,0.45588237,0.46470588,0.4637255,0.46764708,0.47156864,0.46960783,0.47941178,0.4754902,0.80784315,0.8519608,0.8558824,0.8598039,0.8647059,0.85882354,0.8352941,0.7980392,0.7764706,0.76960784,0.76862746,0.76862746,0.7676471,0.77156866,0.78333336,0.767647,0.5921569,0.8029412,0.8019608,0.8039216,0.8039216,0.8019608,0.8,0.7990196,0.8029412,0.80588233,0.8039216,0.80784315,0.64411765,0.6284314,0.66078436,0.6872549,0.62352943,0.62352943,0.6294118,0.5735294,0.5588235,0.49313727,0.47941178,0.7794118,0.8862745,0.8754902,0.87352943,0.8745098,0.8745098,0.86960787,0.8656863,0.86960787,0.8715686,0.8637255,0.84901965,0.8392157,0.8372549,0.8392157,0.8392157,0.8421569,0.84411764,0.84411764,0.84411764,0.85,0.8568627,0.8617647,0.8617647,0.85784316,0.8539216,0.84705883,0.78333336,0.79313725,0.83235294,0.7872549,0.8509804,0.86960787,0.64117646,0.27745098,0.27941176,0.30294117,0.2901961,0.28921568,0.29117647,0.29117647,0.29411766,0.29411766,0.29705882,0.34705883,0.38039216,0.38431373,0.37843138,0.39117646,0.39117646,0.4009804,0.4,0.4107843,0.41960785,0.422549,0.4284314,0.45294118
0.5029412,0.63529414,0.6401961,0.63431376,0.6431372,0.6509804,0.6529412,0.6480392,0.654902,0.5921569,0.50196075,0.63235295,0.64411765,0.6313726,0.6509804,0.66568625,0.63823533,0.62647057,0.5901961,0.5156863,0.59705883,0.6392157,0.6186274,0.5764706,0.3245098,0.6637255,0.65000004,0.6166667,0.5852941,0.60882354,0.6186274,0.6392157,0.61960787,0.57941175,0.27450982,0.5392157,0.595098,0.45392156,0.5372549,0.6480392,0.29803923,0.3019608,0.31470588,0.31960785,0.32352942,0.32352942,0.32941177,0.32647058,0.3254902,0.3254902,0.32352942,0.32843137,0.33137256,0.33235294,0.33235294,0.33529413,0.3392157,0.3362745,0.3362745,0.3392157,0.3382353,0.3392157,0.33431372,0.34117648,0.34509805,0.36666667,0.39705884,0.39803922,0.39607844,0.4,0.40294117,0.39607844,0.39607844,0.39509803,0.39313728,0.4009804,0.3990196,0.4,0.4,0.3990196,0.4,0.4019608,0.40294117,0.40588236,0.4,0.3990196,0.40588236,0.4009804,0.40588236,0.40588236,0.4,0.40980393,0.40490198,0.40980393,0.41568628,0.40588236,0.41274512,0.40980393,0.41274512,0.41764706,0.41274512,0.41470587,0.41960785,0.4254902,0.41862744,0.42352942,0.4284314,0.42156863,0.4254902,0.4254902,0.4254902,0.42450982,0.42745098,0.42647058,0.42941177,0.42352942,0.4254902,0.42941177,0.43235296,0.4401961,0.43627453,0.43823528,0.42941177,0.4372549,0.4392157,0.43235296,0.43823528,0.44411767,0.44411767,0.4401961,0.43823528,0.4392157,0.44705883,0.44705883,0.4509804,0.4519608,0.4519608,0.45294118,0.45980394,0.45784312,0.45392156,0.45588237,0.4519608,0.45490196,0.45392156,0.4519608,0.4519608,0.44803923,0.45588237,0.45588237,0.46078432,0.4617647,0.4627451,0.46470588,0.47254902,0.46862745,0.46960783,0.4754902,0.4754902,0.48137254,0.46960783,0.8392157,0.8411765,0.84705883,0.8509804,0.8558824,0.85882354,0.83725494,0.7970588,0.78627455,0.7735294,0.77156866,0.76960784,0.7705883,0.7980392,0.6215686,0.8039216,0.8068628,0.80588233,0.8068628,0.8068628,0.81078434,0.8117647,0.80980396,0.8088235,0.8068628,0.8088235,0.8088235,0.5490196,0.60784316,0.6127451,0.72352946,0.75490195,0.68235296,0.6637255,0.66764706,0.6539216,0.62058824,0.5872549,0.5656863,0.50686276,0.45980394,0.38333333,0.5617647,0.80784315,0.8901961,0.8813726,0.872549,0.8637255,0.8686274,0.8666667,0.85882354,0.8480392,0.84411764,0.8450981,0.8480392,0.84705883,0.8480392,0.85,0.8509804,0.85294116,0.85882354,0.8637255,0.8617647,0.85490197,0.8156863,0.86960787,0.9107843,0.80784315,0.8480392,0.8715686,0.3529412,0.27745098,0.28235295,0.30392158,0.2872549,0.29117647,0.29117647,0.29411766,0.29509804,0.29411766,0.29803923,0.29803923,0.30294117,0.30294117,0.3509804,0.3127451,0.38627452,0.39215687,0.39607844,0.39313728,0.3872549,0.39411765,0.39411765,0.41274512,0.45
0.43137255,0.50686276,0.6303922,0.6401961,0.64215684,0.65,0.6509804,0.6450981,0.6598039,0.6578432,0.52156866,0.5147059,0.65000004,0.65000004,0.654902,0.677451,0.65882355,0.64411765,0.6450981,0.5421569,0.53137255,0.6362745,0.62647057,0.60490197,0.45686275,0.28529412,0.6401961,0.59313726,0.5627451,0.62058824,0.62647057,0.6284314,0.62254906,0.60490197,0.46764708,0.25,0.5833334,0.4882353,0.50784314,0.64117646,0.38039216,0.29803923,0.30686274,0.31764707,0.32352942,0.32254902,0.32352942,0.3254902,0.32352942,0.32647058,0.33235294,0.33333334,0.33431372,0.33235294,0.3362745,0.3372549,0.3372549,0.34313726,0.34411764,0.33529413,0.34019607,0.3362745,0.3382353,0.34019607,0.34411764,0.3480392,0.36666667,0.38333333,0.39313728,0.39607844,0.39607844,0.39607844,0.39313728,0.39607844,0.39411765,0.39411765,0.39607844,0.39313728,0.39411765,0.4009804,0.3990196,0.39215687,0.39215687,0.39705884,0.4,0.40490198,0.40588236,0.4009804,0.39803922,0.4019608,0.40588236,0.40882355,0.4117647,0.40980393,0.40980393,0.4117647,0.40882355,0.40686274,0.4107843,0.41568628,0.41568628,0.41960785,0.41862744,0.41862744,0.41862744,0.42450982,0.4166667,0.4137255,0.41470587,0.41862744,0.4254902,0.42745098,0.42450982,0.4254902,0.4343137,0.42450982,0.42941177,0.42450982,0.43039215,0.43529412,0.43529412,0.43235296,0.4343137,0.4401961,0.43137255,0.43137255,0.4392157,0.44313726,0.44313726,0.4392157,0.44215685,0.44411767,0.44215685,0.44705883,0.44411767,0.44705883,0.45392156,0.45784312,0.45294118,0.45686275,0.45980394,0.45588237,0.45686275,0.4490196,0.45,0.4519608,0.45882353,0.46078432,0.4627451,0.46470588,0.4637255,0.4627451,0.4637255,0.47058824,0.47254902,0.47058824,0.47254902,0.4764706,0.47254902,0.4754902,0.47058824,0.70392156,0.83137256,0.83431375,0.8362745,0.8401961,0.845098,0.8490196,0.845098,0.8362745,0.8215686,0.7970588,0.7833333,0.77745104,0.60294116,0.75784314,0.78431374,0.8,0.81470585,0.8264706,0.8264706,0.82058823,0.8147059,0.8176471,0.81960785,0.8186275,0.8117647,0.8166667,0.5911765,0.59803927,0.5676471,0.595098,0.6392157,0.6578431,0.75980395,0.67941177,0.70980394,0.6245098,0.6019608,0.6058824,0.5352941,0.57058823,0.49411765,0.44607842,0.44215685,0.39019608,0.35686275,0.3254902,0.25,0.38333333,0.7117647,0.8598039,0.86078435,0.85,0.85294116,0.85490197,0.8558824,0.85490197,0.85294116,0.85294116,0.85294116,0.85294116,0.85882354,0.8637255,0.83725494,0.8813726,0.8656863,0.8745098,0.877451,0.84411764,0.25,0.27941176,0.29607844,0.29509804,0.28627452,0.29117647,0.29411766,0.29509804,0.29509804,0.29509804,0.29117647,0.2882353,0.29705882,0.29509804,0.29803923,0.30686274,0.35,0.38039216,0.37352943,0.38529414,0.3990196,0.36764705,0.4,0.3990196,0.4284314,0.3107843
0.43039215,0.4343137,0.5323529,0.63529414,0.6245098,0.64411765,0.6450981,0.6578432,0.65686274,0.65000004,0.62352943,0.5,0.5627451,0.6539216,0.6598039,0.6627451,0.6627451,0.6509804,0.6578432,0.61372554,0.5107843,0.57549024,0.6372549,0.6156863,0.5529412,0.31764707,0.57058823,0.60294116,0.5656863,0.59313726,0.6343137,0.6284314,0.63823533,0.6156863,0.58137256,0.28039217,0.55,0.50392157,0.5235294,0.6509804,0.654902,0.29607844,0.30490196,0.31470588,0.32156864,0.32254902,0.32058823,0.31960785,0.31960785,0.3245098,0.33235294,0.33529413,0.33529413,0.3362745,0.33235294,0.33235294,0.33529413,0.34117648,0.3382353,0.34117648,0.34215686,0.3382353,0.3382353,0.3392157,0.34313726,0.34705883,0.34411764,0.3529412,0.38431373,0.3990196,0.39607844,0.4,0.39705884,0.39803922,0.39705884,0.4,0.4019608,0.40392157,0.39705884,0.4,0.3990196,0.39019608,0.39607844,0.39607844,0.4,0.4009804,0.4,0.40588236,0.40980393,0.40392157,0.4166667,0.4166667,0.4117647,0.40980393,0.41274512,0.42058825,0.41274512,0.4117647,0.41764706,0.41764706,0.41470587,0.4166667,0.4166667,0.41862744,0.41960785,0.42058825,0.4166667,0.41862744,0.42156863,0.41764706,0.422549,0.422549,0.422549,0.42941177,0.4254902,0.41960785,0.422549,0.422549,0.42647058,0.4284314,0.43529412,0.43235296,0.43333334,0.43529412,0.4401961,0.43529412,0.43529412,0.43823528,0.44117647,0.43627453,0.44313726,0.44215685,0.44215685,0.44411767,0.44215685,0.44705883,0.45490196,0.4509804,0.45392156,0.44803923,0.4509804,0.46078432,0.45588237,0.4519608,0.4509804,0.46666667,0.45980394,0.4637255,0.4627451,0.46470588,0.4617647,0.45980394,0.4637255,0.46470588,0.46960783,0.47058824,0.46666667,0.4764706,0.47745097,0.4745098,0.4745098,0.4764706,0.82254905,0.8235294,0.827451,0.82941175,0.83137256,0.83137256,0.83431375,0.8372549,0.8372549,0.83431375,0.8235294,0.60588235,0.73333335,0.77843136,0.7754902,0.77843136,0.7980392,0.8088235,0.8264706,0.8411765,0.84411764,0.8333333,0.82058823,0.82058823,0.82254905,0.82941175,0.55490196,0.65000004,0.65882355,0.67941177,0.6892157,0.5833334,0.7558824,0.85588235,0.78431374,0.6843138,0.70882356,0.6156863,0.627451,0.65098035,0.5852941,0.5833334,0.5470588,0.4882353,0.44607842,0.40588236,0.39313728,0.37058824,0.3254902,0.29705882,0.27745098,0.27058825,0.25,0.25,0.595098,0.7852941,0.84803927,0.8666667,0.8558824,0.8480392,0.84901965,0.85,0.8411765,0.83431375,0.9117647,0.8813726,0.7166667,0.27745098,0.28235295,0.30686274,0.28627452,0.28627452,0.28921568,0.29117647,0.29509804,0.2882353,0.39607844,0.44803923,0.43333334,0.4284314,0.4137255,0.39313728,0.37941176,0.3754902,0.36372548,0.39215687,0.4009804,0.40784314,0.40294117,0.41862744,0.41764706,0.42352942,0.41764706,0.29803923
0.4372549,0.42941177,0.44313726,0.55,0.62647057,0.6539216,0.6539216,0.65882355,0.5764706,0.57941175,0.5862745,0.52549016,0.4911765,0.5980392,0.58823526,0.58823526,0.60882354,0.60588235,0.6156863,0.59901965,0.54607844,0.5009804,0.60882354,0.57941175,0.5735294,0.4745098,0.32647058,0.56666666,0.56078434,0.5833334,0.64705884,0.5980392,0.595098,0.5715686,0.54607844,0.54607844,0.5617647,0.5058824,0.527451,0.5294118,0.5480392,0.44215685,0.2990196,0.30784315,0.3137255,0.31862745,0.31764707,0.31470588,0.31666666,0.32352942,0.3254902,0.33235294,0.33235294,0.33235294,0.33529413,0.33137256,0.32941177,0.33235294,0.3392157,0.3382353,0.3382353,0.34019607,0.33529413,0.34313726,0.33431372,0.34705883,0.3509804,0.34509805,0.35196078,0.37058824,0.39803922,0.4019608,0.4,0.39313728,0.4009804,0.39803922,0.4019608,0.3990196,0.39117646,0.39019608,0.39019608,0.39705884,0.39705884,0.40490198,0.40294117,0.40882355,0.41470587,0.40882355,0.40588236,0.40882355,0.40588236,0.4107843,0.40686274,0.4117647,0.41764706,0.41764706,0.41568628,0.40882355,0.41568628,0.41470587,0.4117647,0.41470587,0.42450982,0.41960785,0.41960785,0.41960785,0.4137255,0.41960785,0.4166667,0.4166667,0.41862744,0.41862744,0.41764706,0.41862744,0.41862744,0.41764706,0.42450982,0.42745098,0.42450982,0.4284314,0.43627453,0.4372549,0.4343137,0.4343137,0.43137255,0.44117647,0.4401961,0.44705883,0.43333334,0.4372549,0.44117647,0.44411767,0.4490196,0.44705883,0.44215685,0.4509804,0.45392156,0.44411767,0.44803923,0.44215685,0.45490196,0.45392156,0.45490196,0.45784312,0.45686275,0.4637255,0.46960783,0.45980394,0.45980394,0.4627451,0.45784312,0.45882353,0.45882353,0.4627451,0.46568626,0.46568626,0.47058824,0.46960783,0.46666667,0.46960783,0.47254902,0.47058824,0.64411765,0.82058823,0.81960785,0.81960785,0.82254905,0.8245098,0.8264706,0.82843137,0.8303922,0.83431375,0.61764705,0.70980394,0.8245098,0.8,0.78627455,0.7764706,0.777451,0.78627455,0.80980396,0.82941175,0.845098,0.8558824,0.8598039,0.8558824,0.845098,0.83431375,0.5529412,0.69705886,0.34117648,0.6862745,0.7127451,0.577451,0.83431375,0.7588235,0.7254902,0.6960785,0.7794118,0.6960784,0.7254902,0.6215686,0.56960785,0.6401961,0.5764706,0.54607844,0.55588233,0.47843137,0.46078432,0.45784315,0.40980393,0.39411765,0.3529412,0.32058823,0.28529412,0.26568627,0.2617647,0.25882354,0.25196078,0.2509804,0.25,0.25,0.25,0.89705884,0.8892157,0.8784314,0.8901961,0.60294116,0.2784314,0.28431374,0.3107843,0.2882353,0.28921568,0.29117647,0.29117647,0.2784314,0.45,0.45686275,0.4490196,0.44313726,0.43333334,0.42745098,0.41764706,0.4,0.38529414,0.37254903,0.36372548,0.3990196,0.42058825,0.42352942,0.43137255,0.43627453,0.44411767,0.44607842,0.42352942,0.41274512
0.422549,0.42941177,0.43235296,0.4392157,0.5539216,0.62647057,0.66764706,0.6362745,0.50784314,0.4911765,0.5,0.49901962,0.49019608,0.4882353,0.49215686,0.4862745,0.4764706,0.50196075,0.48529413,0.49019608,0.5088235,0.51960784,0.50686276,0.4754902,0.4617647,0.44313726,0.33529413,0.37254903,0.5147059,0.32843137,0.2872549,0.27941176,0.2990196,0.3019608,0.3137255,0.31470588,0.3137255,0.30588236,0.29117647,0.29313725,0.29509804,0.2872549,0.3009804,0.3019608,0.30784315,0.30784315,0.31470588,0.3137255,0.31960785,0.32254902,0.32647058,0.33529413,0.33235294,0.33235294,0.33235294,0.33235294,0.33235294,0.33529413,0.33529413,0.3382353,0.3392157,0.33235294,0.34411764,0.36372548,0.36078432,0.34901962,0.34901962,0.3480392,0.34215686,0.35196078,0.39509803,0.40294117,0.40490198,0.4,0.4,0.39313728,0.39215687,0.39019608,0.39607844,0.39607844,0.39215687,0.39313728,0.39705884,0.39411765,0.4009804,0.4,0.40784314,0.4019608,0.40294117,0.4019608,0.40294117,0.40588236,0.40588236,0.40686274,0.40980393,0.4166667,0.41274512,0.40980393,0.41274512,0.40686274,0.41274512,0.41862744,0.4117647,0.4137255,0.41764706,0.41470587,0.41862744,0.41274512,0.42352942,0.41862744,0.4166667,0.42352942,0.42352942,0.42941177,0.42647058,0.4254902,0.44117647,0.4392157,0.43333334,0.43137255,0.43529412,0.43627453,0.43529412,0.43137255,0.43039215,0.43333334,0.43529412,0.4343137,0.4372549,0.4372549,0.4372549,0.43823528,0.4392157,0.44215685,0.43627453,0.4509804,0.4401961,0.45294118,0.45,0.45,0.4490196,0.45882353,0.45588237,0.45392156,0.4627451,0.4627451,0.45686275,0.45784312,0.45980394,0.45490196,0.46078432,0.46078432,0.45784312,0.4627451,0.4637255,0.4627451,0.46078432,0.4617647,0.46470588,0.47058824,0.4754902,0.47941178,0.4764706,0.8186275,0.82058823,0.82254905,0.8264706,0.82843137,0.83137256,0.8333333,0.8352941,0.6539216,0.6490196,0.8372549,0.8421569,0.8411765,0.8215686,0.7852941,0.7794118,0.7794118,0.7833333,0.7980392,0.8235294,0.84705883,0.8568628,0.8617647,0.8647059,0.86764705,0.5745098,0.57941175,0.3764706,0.36764705,0.5333333,0.74607843,0.595098,0.8029412,0.78137255,0.82843137,0.7784314,0.77156866,0.7029412,0.69411767,0.6686275,0.6490196,0.6392157,0.71274513,0.6215686,0.57058823,0.5960784,0.55980396,0.46666667,0.4392157,0.45294118,0.39411765,0.3647059,0.3372549,0.3107843,0.27058825,0.25588235,0.25588235,0.25392157,0.2529412,0.5519608,0.8715686,0.8833333,0.9127451,0.25980392,0.28235295,0.28921568,0.30294117,0.28921568,0.29117647,0.29215688,0.27254903,0.45784312,0.45490196,0.45,0.44313726,0.44313726,0.44117647,0.4343137,0.42450982,0.40882355,0.39705884,0.3872549,0.3764706,0.35980392,0.39803922,0.4107843,0.4254902,0.44705883,0.44117647,0.4490196,0.45,0.4372549,0.4392157
0.44313726,0.42352942,0.43235296,0.4372549,0.43823528,0.5764706,0.63823533,0.6666667,0.54117644,0.504902,0.4892157,0.49411765,0.47941178,0.47941178,0.48235294,0.47941178,0.48529413,0.47843137,0.4892157,0.49411765,0.49019608,0.49803922,0.5009804,0.47843137,0.4627451,0.43627453,0.40294117,0.32156864,0.4401961,0.5715686,0.30294117,0.31470588,0.31862745,0.31960785,0.32254902,0.31862745,0.31862745,0.31666666,0.30784315,0.29509804,0.3019608,0.29607844,0.28529412,0.29803923,0.30490196,0.30490196,0.30784315,0.3137255,0.31666666,0.31960785,0.32647058,0.32843137,0.33039215,0.33529413,0.33039215,0.32941177,0.33039215,0.32941177,0.32941177,0.33529413,0.3372549,0.3362745,0.32941177,0.34705883,0.38431373,0.3764706,0.34705883,0.3480392,0.34215686,0.34705883,0.39215687,0.39607844,0.39313728,0.3892157,0.39803922,0.3990196,0.39607844,0.39803922,0.39705884,0.39313728,0.3892157,0.39705884,0.4019608,0.39705884,0.39313728,0.40392157,0.39705884,0.4009804,0.3990196,0.3990196,0.4019608,0.40294117,0.4019608,0.40294117,0.40980393,0.41274512,0.4166667,0.41568628,0.40882355,0.40980393,0.40882355,0.42450982,0.41568628,0.41568628,0.4117647,0.40980393,0.41274512,0.41568628,0.4117647,0.41960785,0.4137255,0.41568628,0.422549,0.43039215,0.4343137,0.4343137,0.43235296,0.42941177,0.42647058,0.43235296,0.43039215,0.42941177,0.43137255,0.42647058,0.43529412,0.43627453,0.44117647,0.43627453,0.43627453,0.4372549,0.43823528,0.4401961,0.44411767,0.44411767,0.43823528,0.4392157,0.44509804,0.45392156,0.45392156,0.44215685,0.45392156,0.45588237,0.44803923,0.45588237,0.4519608,0.4509804,0.4519608,0.45392156,0.45784312,0.45392156,0.45784312,0.45686275,0.46078432,0.45392156,0.45980394,0.45490196,0.46078432,0.4637255,0.46764708,0.47254902,0.4764706,0.4754902,0.4754902,0.6637255,0.82549024,0.8303922,0.8362745,0.8303922,0.82843137,0.8303922,0.63823533,0.63235295,0.8362745,0.83823526,0.83823526,0.8392157,0.8421569,0.8333333,0.8068628,0.7872549,0.78137255,0.7901961,0.8117647,0.82843137,0.8421569,0.85490197,0.8617647,0.86960787,0.51274514,0.4735294,0.32941177,0.54607844,0.29117647,0.38431373,0.7519608,0.6960784,0.70686275,0.9019608,0.80588233,0.82254905,0.79901963,0.7882353,0.72450984,0.6843137,0.6803922,0.60490197,0.6245098,0.5921569,0.5803921,0.5872549,0.6254902,0.55490196,0.48333335,0.4343137,0.48235294,0.44411767,0.38627452,0.3647059,0.33235294,0.29215688,0.2627451,0.25,0.94411767,0.89215684,0.83725494,0.25,0.2882353,0.30882353,0.29803923,0.29117647,0.29117647,0.33137256,0.46666667,0.46470588,0.4637255,0.4617647,0.45490196,0.44607842,0.44313726,0.43333334,0.43039215,0.42745098,0.41862744,0.40588236,0.39019608,0.3764706,0.35490197,0.39215687,0.4107843,0.44117647,0.44607842,0.44509804,0.4392157,0.4401961,0.4343137,0.43823528
0.44313726,0.41960785,0.42941177,0.43627453,0.44117647,0.43823528,0.5901961,0.6509804,0.6186274,0.49313727,0.5,0.4911765,0.47843137,0.49313727,0.48235294,0.49215686,0.48137257,0.4911765,0.4764706,0.48725492,0.49313727,0.5137255,0.49803922,0.49509805,0.4745098,0.44607842,0.4284314,0.3882353,0.31764707,0.5568627,0.6215687,0.26568627,0.30882353,0.31176472,0.30980393,0.30686274,0.31176472,0.30882353,0.2990196,0.30490196,0.29705882,0.29705882,0.28921568,0.28627452,0.2990196,0.3019608,0.30588236,0.3107843,0.31764707,0.32254902,0.3245098,0.32647058,0.33137256,0.33235294,0.33235294,0.32843137,0.32843137,0.32941177,0.327451,0.33235294,0.32941177,0.33235294,0.33137256,0.4,0.377451,0.39019608,0.38431373,0.35686275,0.34411764,0.3529412,0.39607844,0.3990196,0.39607844,0.39019608,0.39215687,0.39607844,0.3882353,0.39607844,0.39411765,0.39313728,0.39607844,0.39411765,0.39117646,0.4009804,0.39411765,0.4019608,0.4009804,0.39705884,0.4,0.39803922,0.40588236,0.4009804,0.40392157,0.40686274,0.40686274,0.40980393,0.4107843,0.40882355,0.40588236,0.40882355,0.4137255,0.40784314,0.40686274,0.40686274,0.4019608,0.40882355,0.41274512,0.4137255,0.41470587,0.4166667,0.4137255,0.41764706,0.42156863,0.43039215,0.43333334,0.4284314,0.43137255,0.4254902,0.4254902,0.43235296,0.42941177,0.43137255,0.4343137,0.42941177,0.43235296,0.43039215,0.43333334,0.44705883,0.43627453,0.4401961,0.43627453,0.42941177,0.44215685,0.44117647,0.43529412,0.44215685,0.44215685,0.4490196,0.45,0.44803923,0.4509804,0.4509804,0.44705883,0.4519608,0.44313726,0.45,0.4509804,0.45784312,0.45784312,0.45686275,0.45784312,0.45980394,0.45980394,0.45784312,0.45980394,0.46666667,0.46764708,0.47058824,0.46666667,0.47156864,0.47941178,0.4735294,0.47254902,0.47254902,0.827451,0.83137256,0.8333333,0.83137256,0.82549024,0.76862746,0.56960785,0.81666666,0.81666666,0.8215686,0.82549024,0.82549024,0.8264706,0.8186275,0.8156863,0.8137255,0.8009804,0.7872549,0.79901963,0.8137255,0.82254905,0.827451,0.8401961,0.79607844,0.5862745,0.47156864,0.43529412,0.39411765,0.47156864,0.5009804,0.25,0.74705887,0.7558824,0.69509804,0.8529412,0.8754902,0.8813726,0.7441177,0.70686275,0.7558824,0.7656863,0.68235296,0.595098,0.572549,0.5686275,0.55784315,0.53039217,0.50196075,0.49019608,0.51960784,0.49901962,0.4509804,0.44215685,0.42745098,0.4137255,0.38137257,0.25,0.9078431,0.9039216,0.6686275,0.2872549,0.29705882,0.31470588,0.29215688,0.29215688,0.37843138,0.46666667,0.47058824,0.46764708,0.46666667,0.4637255,0.4617647,0.45,0.44803923,0.44509804,0.4343137,0.43137255,0.4343137,0.42058825,0.40588236,0.39313728,0.3745098,0.34901962,0.4,0.42450982,0.43039215,0.43529412,0.4401961,0.4401961,0.45294118,0.4372549,0.43823528
0.4343137,0.4343137,0.43039215,0.4254902,0.43529412,0.43529412,0.44803923,0.59411764,0.62058824,0.5892157,0.4911765,0.5098039,0.49509805,0.5029412,0.4764706,0.46960786,0.49705884,0.48725492,0.46666667,0.47843137,0.48333335,0.50392157,0.5147059,0.5058824,0.50196075,0.47156864,0.43333334,0.41764706,0.31176472,0.47941178,0.6,0.62647057,0.25,0.2990196,0.3019608,0.2990196,0.3019608,0.31176472,0.30686274,0.30294117,0.30392158,0.2990196,0.2901961,0.27745098,0.29509804,0.29705882,0.30294117,0.30784315,0.31470588,0.3156863,0.31666666,0.32254902,0.3245098,0.32843137,0.32941177,0.33039215,0.32843137,0.3254902,0.3254902,0.32647058,0.33137256,0.33431372,0.33235294,0.39019608,0.40294117,0.39313728,0.3882353,0.3892157,0.36764705,0.3735294,0.39705884,0.3882353,0.3892157,0.3892157,0.39313728,0.3892157,0.3882353,0.39705884,0.39411765,0.39313728,0.39313728,0.39313728,0.39411765,0.39019608,0.39313728,0.39117646,0.39117646,0.40392157,0.4,0.40588236,0.4,0.39411765,0.39803922,0.40294117,0.40686274,0.40980393,0.40882355,0.40490198,0.40392157,0.39803922,0.4009804,0.40490198,0.40686274,0.40686274,0.40980393,0.4107843,0.4107843,0.40686274,0.40980393,0.4166667,0.41960785,0.41960785,0.422549,0.41862744,0.4254902,0.42156863,0.41764706,0.4254902,0.422549,0.4254902,0.43137255,0.43333334,0.4284314,0.42647058,0.43137255,0.43529412,0.4372549,0.42941177,0.43235296,0.43333334,0.42745098,0.42745098,0.4343137,0.43627453,0.44411767,0.4392157,0.43823528,0.45,0.45,0.45392156,0.4509804,0.44705883,0.44803923,0.4509804,0.4519608,0.44803923,0.44803923,0.45686275,0.45686275,0.4509804,0.44803923,0.45686275,0.45588237,0.46862745,0.45686275,0.4637255,0.47156864,0.46960783,0.46666667,0.47058824,0.47254902,0.47058824,0.4754902,0.47254902,0.9019608,0.84313726,0.8215686,0.8235294,0.74215686,0.51862746,0.81960785,0.81764704,0.8156863,0.8137255,0.8127451,0.8137255,0.8137255,0.8127451,0.8117647,0.80980396,0.8029412,0.80588233,0.8,0.7941177,0.8039216,0.81666666,0.8235294,0.6627451,0.6970588,0.46666667,0.60784316,0.4343137,0.5960784,0.48333335,0.65882355,0.32352942,0.732353,0.78333336,0.67156863,0.87941176,0.877451,0.80196077,0.76862746,0.6696079,0.7313726,0.6862745,0.60294116,0.5617647,0.54313725,0.56470585,0.5480392,0.49705884,0.50686276,0.49411765,0.48529413,0.49313727,0.45686275,0.4637255,0.42647058,0.4019608,0.9254902,0.8862745,0.48333335,0.29411766,0.31176472,0.30686274,0.27254903,0.4519608,0.4617647,0.46470588,0.45882353,0.46764708,0.46470588,0.45980394,0.45882353,0.45490196,0.45294118,0.45392156,0.44607842,0.44215685,0.4284314,0.42352942,0.41470587,0.40392157,0.3872549,0.36666667,0.3480392,0.39705884,0.41764706,0.41960785,0.42156863,0.42156863,0.43627453,0.44117647,0.4372549,0.4401961
0.40294117,0.43627453,0.43529412,0.41960785,0.43235296,0.4284314,0.42450982,0.45294118,0.595098,0.6303922,0.5284314,0.5137255,0.50392157,0.4882353,0.47941178,0.49411765,0.4911765,0.48725492,0.48137257,0.47843137,0.47941178,0.48725492,0.517647,0.51666665,0.5,0.47941178,0.4519608,0.44411767,0.4137255,0.30294117,0.5656863,0.6,0.6068628,0.2627451,0.2990196,0.2990196,0.29705882,0.29705882,0.2990196,0.29705882,0.29509804,0.3009804,0.29607844,0.28627452,0.27156863,0.29509804,0.2990196,0.30490196,0.31176472,0.31862745,0.31470588,0.3107843,0.31960785,0.32647058,0.32843137,0.32647058,0.32647058,0.32352942,0.3254902,0.32647058,0.32941177,0.34705883,0.35196078,0.33431372,0.51960784,0.42647058,0.39313728,0.39509803,0.39117646,0.39019608,0.39313728,0.39705884,0.3882353,0.39411765,0.39313728,0.39411765,0.39607844,0.39607844,0.39509803,0.39607844,0.4,0.39803922,0.39411765,0.39313728,0.3882353,0.39705884,0.39705884,0.39705884,0.39705884,0.40490198,0.39705884,0.39803922,0.39509803,0.40294117,0.4019608,0.40980393,0.4117647,0.4019608,0.4019608,0.40392157,0.40392157,0.41274512,0.4117647,0.40686274,0.4107843,0.4107843,0.4137255,0.4166667,0.42058825,0.42352942,0.4166667,0.42745098,0.41960785,0.4166667,0.422549,0.42058825,0.41862744,0.4254902,0.422549,0.42156863,0.42352942,0.42647058,0.42745098,0.43039215,0.42941177,0.43235296,0.42941177,0.42941177,0.4284314,0.43235296,0.42941177,0.43529412,0.4392157,0.43529412,0.43823528,0.4392157,0.43823528,0.44803923,0.4401961,0.43627453,0.44705883,0.44705883,0.45392156,0.4490196,0.4401961,0.44705883,0.44215685,0.44509804,0.4509804,0.45392156,0.45686275,0.45686275,0.46666667,0.46862745,0.46470588,0.46960783,0.46764708,0.4627451,0.46666667,0.46666667,0.4637255,0.47058824,0.47254902,0.4764706,0.78039217,0.8147059,0.85588235,0.84901965,0.7872549,0.7441176,0.827451,0.81666666,0.81764704,0.81666666,0.8147059,0.8137255,0.81078434,0.8088235,0.80588233,0.80588233,0.80588233,0.80588233,0.8029412,0.8029412,0.80196077,0.8068628,0.8088235,0.5686275,0.70686275,0.44509804,0.6284314,0.44215685,0.6960784,0.7588235,0.59705883,0.3892157,0.34607843,0.6490196,0.8264706,0.72450984,0.6901961,0.7294118,0.72058827,0.72745097,0.6990196,0.64607847,0.65294117,0.67647064,0.672549,0.6343137,0.6450981,0.6294118,0.57058823,0.61372554,0.5921569,0.52156866,0.5441177,0.48333335,0.48431373,0.9245098,0.8715686,0.25,0.2990196,0.32058823,0.30392158,0.46470588,0.46078432,0.4617647,0.4637255,0.4637255,0.4637255,0.4637255,0.4735294,0.4617647,0.45294118,0.45980394,0.45980394,0.45294118,0.4490196,0.44313726,0.43333334,0.42647058,0.41274512,0.4,0.39117646,0.3735294,0.35392156,0.39607844,0.43235296,0.4372549,0.4343137,0.4372549,0.44313726,0.4372549,0.4343137,0.4372549
0.42745098,0.4166667,0.45,0.4284314,0.42352942,0.42156863,0.4254902,0.44411767,0.47941178,0.595098,0.61764705,0.49411765,0.49803922,0.49313727,0.48431373,0.47058824,0.49901962,0.49803922,0.48137257,0.4754902,0.48235294,0.47254902,0.49607843,0.50686276,0.4911765,0.49215686,0.4617647,0.44607842,0.4401961,0.31470588,0.4519608,0.6,0.6147059,0.60588235,0.35686275,0.29607844,0.3019608,0.29509804,0.26078433,0.25,0.2627451,0.3372549,0.41470587,0.35588235,0.30882353,0.42352942,0.29803923,0.3009804,0.30980393,0.31666666,0.31470588,0.31666666,0.32058823,0.32352942,0.3254902,0.32352942,0.32647058,0.32352942,0.33039215,0.3254902,0.32941177,0.34705883,0.38137257,0.3735294,0.5519608,0.53627455,0.39019608,0.39019608,0.39509803,0.39411765,0.39313728,0.39215687,0.39411765,0.39313728,0.39313728,0.39019608,0.38529414,0.3882353,0.39215687,0.39313728,0.4009804,0.39803922,0.4009804,0.39803922,0.39117646,0.4009804,0.40294117,0.40490198,0.40294117,0.40588236,0.39705884,0.39509803,0.39509803,0.40392157,0.4,0.40980393,0.40392157,0.40980393,0.3990196,0.40686274,0.40294117,0.40588236,0.41764706,0.4166667,0.40392157,0.40980393,0.4137255,0.4166667,0.4166667,0.42450982,0.4166667,0.40980393,0.41568628,0.4137255,0.4166667,0.4166667,0.42352942,0.42352942,0.422549,0.422549,0.42156863,0.4117647,0.41960785,0.41960785,0.42352942,0.42745098,0.43039215,0.43529412,0.42941177,0.4343137,0.43039215,0.43529412,0.43823528,0.43627453,0.43823528,0.4392157,0.43529412,0.44215685,0.4490196,0.44803923,0.44803923,0.44313726,0.4490196,0.4509804,0.44215685,0.45,0.44705883,0.4519608,0.4617647,0.45686275,0.44803923,0.45294118,0.45686275,0.45980394,0.45882353,0.45686275,0.46078432,0.45784312,0.45686275,0.46666667,0.46764708,0.47254902,0.47254902,0.46666667,0.59705883,0.8382353,0.85,0.8156863,0.8068628,0.6931373,0.777451,0.8088235,0.82843137,0.83235294,0.8519608,0.8098039,0.81078434,0.8088235,0.80588233,0.80588233,0.8039216,0.8039216,0.8039216,0.8029412,0.8029412,0.8088236,0.8088236,0.8019608,0.7735294,0.43235296,0.7019608,0.5735294,0.6882353,0.39019608,0.35490197,0.3392157,0.36862746,0.36666667,0.4343137,0.81764704,0.72156864,0.69705886,0.75686276,0.67058825,0.70686275,0.6862745,0.6303922,0.6813726,0.6313726,0.6686275,0.6333333,0.5921569,0.6254902,0.5921569,0.5676471,0.55980396,0.57549024,0.54607844,0.95000005,0.80980396,0.29509804,0.30294117,0.4117647,0.4627451,0.46568626,0.45588237,0.46078432,0.45,0.45490196,0.45588237,0.45588237,0.45882353,0.45588237,0.45294118,0.45686275,0.45784312,0.45392156,0.45294118,0.44705883,0.4372549,0.4401961,0.43333334,0.41764706,0.40588236,0.39411765,0.3735294,0.35392156,0.39705884,0.4137255,0.40882355,0.42941177,0.4284314,0.43627453,0.42450982,0.4284314,0.43333334
0.42058825,0.42941177,0.4392157,0.4490196,0.4372549,0.4284314,0.43529412,0.43235296,0.44117647,0.4764706,0.62254906,0.5627451,0.50392157,0.504902,0.4911765,0.49215686,0.49313727,0.4911765,0.49019608,0.48137257,0.47352943,0.477451,0.49019608,0.51274514,0.504902,0.49803922,0.477451,0.48529413,0.5205883,0.51666665,0.30588236,0.6107843,0.6019608,0.64215684,0.62941176,0.6431372,0.6598039,0.654902,0.6362745,0.64215684,0.5245098,0.65098035,0.6284314,0.26960784,0.4009804,0.5205883,0.27058825,0.3009804,0.30392158,0.3127451,0.31666666,0.31666666,0.31764707,0.31960785,0.32058823,0.31960785,0.32156864,0.32843137,0.32941177,0.33235294,0.32843137,0.33235294,0.37254903,0.37843138,0.3754902,0.47254902,0.37941176,0.39215687,0.3882353,0.39117646,0.39215687,0.39313728,0.39215687,0.39411765,0.39705884,0.4019608,0.39607844,0.39215687,0.39509803,0.39313728,0.39313728,0.39803922,0.3892157,0.39019608,0.39215687,0.38431373,0.39411765,0.39705884,0.3990196,0.40882355,0.40686274,0.4009804,0.4019608,0.39117646,0.40980393,0.41274512,0.4019608,0.40588236,0.40980393,0.40784314,0.4019608,0.40686274,0.40980393,0.40686274,0.40686274,0.40490198,0.40882355,0.4107843,0.4166667,0.41568628,0.41470587,0.4107843,0.4107843,0.41568628,0.40980393,0.4166667,0.4137255,0.42156863,0.41960785,0.42058825,0.41960785,0.41960785,0.42647058,0.4254902,0.42941177,0.42941177,0.42941177,0.43529412,0.43823528,0.43235296,0.43235296,0.4401961,0.43333334,0.4392157,0.43529412,0.4392157,0.44313726,0.44313726,0.43823528,0.45490196,0.4490196,0.44803923,0.44803923,0.44803923,0.44215685,0.44803923,0.44411767,0.44607842,0.4509804,0.45294118,0.4519608,0.4519608,0.4519608,0.45392156,0.45686275,0.45490196,0.45392156,0.4637255,0.4627451,0.46078432,0.4637255,0.45294118,0.6911765,0.50784314,0.64607847,0.64117646,0.6215686,0.6254902,0.5921569,0.64607847,0.7009804,0.7529412,0.8,0.8245098,0.8176471,0.80490196,0.8411765,0.8392157,0.8666667,0.8039216,0.7970588,0.8009804,0.8009804,0.8009804,0.8009804,0.8009804,0.79313725,0.60588235,0.4764706,0.3990196,0.6313726,0.6911765,0.38039216,0.34117648,0.35,0.36960784,0.38333333,0.38039216,0.38431373,0.36372548,0.8411765,0.7852941,0.677451,0.6627451,0.68529415,0.7107843,0.6862745,0.6911765,0.6441177,0.6637255,0.66470593,0.64607847,0.66176474,0.64705884,0.6107843,0.64705884,0.60784316,0.9480392,0.7058824,0.42156863,0.45686275,0.45784312,0.45882353,0.45882353,0.45882353,0.45882353,0.45588237,0.4617647,0.46568626,0.46470588,0.45784312,0.45686275,0.45784312,0.45882353,0.45784312,0.45686275,0.45588237,0.4509804,0.44411767,0.44705883,0.4372549,0.4284314,0.42450982,0.40686274,0.4,0.38235295,0.35980392,0.39509803,0.40882355,0.39117646,0.37058824,0.38137257,0.4009804,0.43823528,0.42352942,0.41960785
0.4117647,0.42058825,0.43235296,0.44803923,0.4519608,0.42745098,0.43235296,0.4343137,0.4401961,0.45,0.4911765,0.62352943,0.517647,0.49509805,0.5009804,0.49803922,0.48431373,0.49313727,0.48235294,0.46862745,0.47352943,0.47843137,0.52254903,0.53431374,0.5960784,0.56078434,0.4892157,0.56960785,0.5980392,0.60490197,0.40882355,0.40294117,0.60294116,0.6333333,0.63823533,0.6441177,0.6450981,0.66176474,0.64215684,0.63431376,0.5490196,0.6313726,0.63725495,0.33039215,0.41568628,0.52254903,0.56078434,0.30882353,0.30392158,0.30686274,0.31176472,0.31470588,0.31764707,0.32058823,0.32058823,0.32254902,0.31764707,0.32254902,0.3245098,0.32843137,0.34117648,0.3254902,0.3627451,0.36960784,0.3754902,0.36372548,0.36960787,0.38235295,0.3892157,0.38529414,0.38431373,0.3882353,0.3872549,0.39019608,0.39117646,0.39411765,0.39019608,0.39019608,0.39019608,0.39313728,0.3892157,0.39411765,0.39705884,0.3892157,0.3892157,0.39215687,0.39019608,0.39411765,0.39411765,0.4,0.39803922,0.3990196,0.39215687,0.39117646,0.39509803,0.4,0.40294117,0.39705884,0.40686274,0.4009804,0.40490198,0.40686274,0.40392157,0.40588236,0.40686274,0.40980393,0.4107843,0.40588236,0.4107843,0.40980393,0.422549,0.41470587,0.4117647,0.41274512,0.4107843,0.4117647,0.41274512,0.4137255,0.41862744,0.41764706,0.4254902,0.42450982,0.42352942,0.43137255,0.43333334,0.42941177,0.43137255,0.43235296,0.43039215,0.4284314,0.43529412,0.43333334,0.43529412,0.43235296,0.43333334,0.44215685,0.45,0.44803923,0.44411767,0.4392157,0.44215685,0.44117647,0.44803923,0.44509804,0.4509804,0.45392156,0.44705883,0.4509804,0.44607842,0.45490196,0.45686275,0.4490196,0.44607842,0.45392156,0.45784312,0.45784312,0.45980394,0.45490196,0.46960783,0.7764706,0.8480392,0.8372549,0.8392157,0.84019613,0.8362745,0.7029412,0.48235294,0.48431373,0.59019613,0.6107843,0.6186274,0.57941175,0.6127451,0.5764706,0.7441176,0.84411764,0.79019606,0.7921569,0.7921569,0.8,0.82450986,0.84607846,0.81960785,0.8147059,0.8,0.77843136,0.5637255,0.45490196,0.46666667,0.59313726,0.71568626,0.38137257,0.39313728,0.34901962,0.3754902,0.54313725,0.61372554,0.3882353,0.39019608,0.39019608,0.4009804,0.8519608,0.78627455,0.80588233,0.7137255,0.6862745,0.7529412,0.7343137,0.6990197,0.69411767,0.6686275,0.68039215,0.6696079,0.6882353,0.6068628,0.59901965,0.46470588,0.45784312,0.45294118,0.45294118,0.45294118,0.4490196,0.45294118,0.45392156,0.45686275,0.45784312,0.45686275,0.45686275,0.4627451,0.45588237,0.45686275,0.45392156,0.45490196,0.45882353,0.45294118,0.45392156,0.45588237,0.45490196,0.45294118,0.4490196,0.44607842,0.4401961,0.4343137,0.42156863,0.40490198,0.38529414,0.3617647,0.39607844,0.37352943,0.3882353,0.40392157,0.40784314,0.42450982,0.46666667,0.4166667,0.42941177
0.40882355,0.41470587,0.44117647,0.44313726,0.4509804,0.4401961,0.42745098,0.4343137,0.43235296,0.43529412,0.45392156,0.50784314,0.62058824,0.48137257,0.49411765,0.49803922,0.5029412,0.52156866,0.47941178,0.5764706,0.572549,0.6215687,0.6196078,0.6362745,0.6539216,0.6401961,0.52549016,0.504902,0.5803921,0.6019608,0.56960785,0.29509804,0.6509804,0.6245098,0.6284314,0.63823533,0.6490196,0.654902,0.6509804,0.6392157,0.63529414,0.62254906,0.6480392,0.33333334,0.42745098,0.5372549,0.5637255,0.26666668,0.3127451,0.30392158,0.30980393,0.3156863,0.31764707,0.32156864,0.32058823,0.32058823,0.31764707,0.32058823,0.32156864,0.32254902,0.34901962,0.35,0.35882354,0.3627451,0.37058824,0.37058824,0.37843138,0.41862744,0.38431373,0.38431373,0.38431373,0.39019608,0.38529414,0.3882353,0.3764706,0.38039216,0.38235295,0.38529414,0.38333333,0.3882353,0.39215687,0.39705884,0.39411765,0.39411765,0.39509803,0.3892157,0.3882353,0.39215687,0.39019608,0.39313728,0.39411765,0.40392157,0.3990196,0.39705884,0.39803922,0.39509803,0.39803922,0.39411765,0.39509803,0.3990196,0.4019608,0.40392157,0.40686274,0.40490198,0.4019608,0.40784314,0.4019608,0.4019608,0.40392157,0.4107843,0.40686274,0.40686274,0.40588236,0.40392157,0.40882355,0.4137255,0.4117647,0.41764706,0.4137255,0.4166667,0.42156863,0.4254902,0.422549,0.41960785,0.41568628,0.42941177,0.42647058,0.43039215,0.42647058,0.42647058,0.43137255,0.4392157,0.43333334,0.43529412,0.42941177,0.43333334,0.4343137,0.43823528,0.4392157,0.4392157,0.44509804,0.44215685,0.44215685,0.44411767,0.44509804,0.45,0.44803923,0.4490196,0.4401961,0.4519608,0.44803923,0.4519608,0.45784312,0.4519608,0.53039217,0.80784315,0.83431375,0.82549024,0.8245098,0.82843137,0.8333334,0.8362745,0.8392157,0.8421569,0.74705887,0.47254902,0.4735294,0.4764706,0.48235294,0.47941178,0.5715686,0.7852942,0.6117647,0.57843137,0.5833334,0.55,0.5470588,0.5509804,0.5872549,0.75,0.7921569,0.77156866,0.7735294,0.7617647,0.7519608,0.7382353,0.60392153,0.62941176,0.49509805,0.6843138,0.46764708,0.36078432,0.34509805,0.39803922,0.58137256,0.74803925,0.7637255,0.6647059,0.39215687,0.39607844,0.39803922,0.39509803,0.7254902,0.7901961,0.76666665,0.7607843,0.7264706,0.70490193,0.72156864,0.732353,0.7558824,0.6107843,0.4372549,0.4372549,0.43823528,0.44117647,0.44411767,0.45,0.45588237,0.4519608,0.45588237,0.45392156,0.45490196,0.45294118,0.45,0.45490196,0.45882353,0.45392156,0.45588237,0.45294118,0.45392156,0.45490196,0.45,0.45294118,0.45588237,0.45490196,0.4519608,0.4509804,0.4519608,0.4490196,0.44313726,0.4401961,0.4343137,0.42156863,0.40294117,0.3882353,0.36862746,0.39803922,0.3892157,0.4,0.4137255,0.43039215,0.44509804,0.47843137,0.41568628,0.43235296
0.39705884,0.4254902,0.43235296,0.45,0.45980394,0.4509804,0.4343137,0.422549,0.4343137,0.43039215,0.44705883,0.45686275,0.5245098,0.56078434,0.48725492,0.504902,0.5392157,0.6362745,0.48725492,0.57549024,0.65196085,0.6294118,0.6303922,0.62843144,0.64215684,0.63529414,0.62058824,0.47843137,0.38431373,0.48725492,0.59313726,0.5284314,0.25,0.63235295,0.6284314,0.63529414,0.6480392,0.654902,0.654902,0.5715686,0.677451,0.6098039,0.40490198,0.34705883,0.504902,0.57549024,0.577451,0.5882353,0.3137255,0.31960785,0.25686276,0.30588236,0.3127451,0.31764707,0.32254902,0.32254902,0.31960785,0.31862745,0.31666666,0.31764707,0.33431372,0.36078432,0.36078432,0.36078432,0.3617647,0.36764705,0.37941176,0.45784312,0.4117647,0.37941176,0.37058824,0.3764706,0.3735294,0.37254903,0.3754902,0.37843138,0.39019608,0.38431373,0.39117646,0.3990196,0.39215687,0.39019608,0.3990196,0.39411765,0.39411765,0.39411765,0.39019608,0.39117646,0.38529414,0.3892157,0.39117646,0.39509803,0.3892157,0.39411765,0.39803922,0.4009804,0.4009804,0.4019608,0.4,0.39705884,0.39607844,0.39509803,0.39803922,0.40392157,0.4,0.39803922,0.39509803,0.39607844,0.39509803,0.39313728,0.4019608,0.40588236,0.40588236,0.40784314,0.40588236,0.40588236,0.40588236,0.4117647,0.4107843,0.4117647,0.4137255,0.4137255,0.4137255,0.41764706,0.41470587,0.41960785,0.422549,0.4254902,0.42450982,0.42352942,0.42647058,0.42647058,0.43039215,0.43529412,0.4401961,0.42450982,0.42450982,0.43627453,0.43627453,0.44411767,0.44411767,0.44607842,0.44803923,0.44215685,0.44411767,0.44607842,0.44803923,0.44705883,0.45294118,0.4166667,0.67647064,0.83137256,0.83137256,0.8352941,0.8382353,0.8401961,0.8352941,0.827451,0.82254905,0.8264706,0.7990196,0.6147059,0.4137255,0.4490196,0.45294118,0.45686275,0.46764708,0.4735294,0.4764706,0.4764706,0.4745098,0.47058824,0.4490196,0.8303922,0.845098,0.8450981,0.704902,0.4852941,0.5088235,0.50392157,0.48725492,0.46078432,0.4735294,0.60392153,0.704902,0.6911765,0.5911765,0.52254903,0.57941175,0.7029412,0.72058827,0.7676471,0.6813725,0.66764706,0.77254903,0.83725494,0.85784316,0.80490196,0.672549,0.39313728,0.40686274,0.4019608,0.39803922,0.49411765,0.81960785,0.7656863,0.60490197,0.47058824,0.42058825,0.4372549,0.4401961,0.44313726,0.44705883,0.44117647,0.44509804,0.44313726,0.44411767,0.4401961,0.44411767,0.44705883,0.44803923,0.4509804,0.45392156,0.44803923,0.4490196,0.44705883,0.44215685,0.44607842,0.45588237,0.4490196,0.44607842,0.45294118,0.4617647,0.4519608,0.45882353,0.45588237,0.45588237,0.45490196,0.4519608,0.4519608,0.44411767,0.4372549,0.43137255,0.42156863,0.40882355,0.3882353,0.36666667,0.3990196,0.3745098,0.39215687,0.40294117,0.42647058,0.42156863,0.4754902,0.41764706,0.42745098
0.5117647,0.4,0.44313726,0.4372549,0.45588237,0.44411767,0.4627451,0.4392157,0.42156863,0.4254902,0.42941177,0.44215685,0.46078432,0.56078434,0.48333335,0.49019608,0.51274514,0.65196085,0.59705883,0.4862745,0.61764705,0.61764705,0.63235295,0.6401961,0.6450981,0.64411765,0.6480392,0.54117644,0.46078432,0.43333334,0.4009804,0.59705883,0.28039217,0.6098039,0.6333333,0.6362746,0.6362746,0.64607847,0.6431372,0.5509804,0.64411765,0.63235295,0.3362745,0.4107843,0.5235294,0.5686275,0.59313726,0.59901965,0.2735294,0.3107843,0.49509805,0.41568628,0.30784315,0.31176472,0.31470588,0.31764707,0.31764707,0.31960785,0.31764707,0.31764707,0.32156864,0.3382353,0.35196078,0.34901962,0.3529412,0.35490197,0.3529412,0.504902,0.3529412,0.30686274,0.37843138,0.37843138,0.3764706,0.3764706,0.38039216,0.36960784,0.37941176,0.37156862,0.38137257,0.38039216,0.3872549,0.3882353,0.39019608,0.3892157,0.3892157,0.3872549,0.38529414,0.37941176,0.38333333,0.38627452,0.39117646,0.3882353,0.39509803,0.39509803,0.39117646,0.39313728,0.39117646,0.39019608,0.3882353,0.39411765,0.3882353,0.39117646,0.39019608,0.39411765,0.39803922,0.39803922,0.39607844,0.3990196,0.40980393,0.40882355,0.40686274,0.4107843,0.40784314,0.40294117,0.4019608,0.40392157,0.4107843,0.4107843,0.40686274,0.4107843,0.41764706,0.42156863,0.41960785,0.4117647,0.42156863,0.41764706,0.41470587,0.41960785,0.41470587,0.422549,0.42156863,0.422549,0.42352942,0.4284314,0.43333334,0.42156863,0.43823528,0.44215685,0.44509804,0.44117647,0.45294118,0.4509804,0.44411767,0.44411767,0.42745098,0.5235294,0.7911765,0.82058823,0.8186275,0.82254905,0.82254905,0.8215686,0.8264706,0.82254905,0.74215686,0.55490196,0.36764705,0.42352942,0.42450982,0.42450982,0.4254902,0.43039215,0.43137255,0.43137255,0.4343137,0.44313726,0.44607842,0.45,0.4617647,0.47058824,0.48039216,0.4754902,0.4754902,0.47745097,0.48725492,0.46764708,0.6039216,0.7794118,0.82156867,0.8411765,0.8352941,0.62058824,0.46960783,0.4637255,0.43235296,0.43627453,0.42745098,0.45392156,0.5588236,0.6431372,0.70000005,0.7019608,0.74803925,0.7872549,0.76274514,0.73039216,0.75784314,0.8411765,0.8235294,0.74607843,0.44509804,0.4107843,0.42745098,0.43039215,0.4343137,0.4343137,0.44411767,0.4372549,0.4372549,0.4401961,0.43823528,0.4401961,0.44509804,0.44607842,0.44313726,0.44705883,0.44411767,0.44411767,0.44705883,0.44607842,0.45,0.4490196,0.45,0.45,0.44313726,0.44705883,0.44607842,0.44803923,0.44803923,0.44705883,0.44705883,0.44705883,0.44411767,0.4519608,0.45392156,0.45,0.44803923,0.4519608,0.45,0.44313726,0.4372549,0.43137255,0.422549,0.4137255,0.40686274,0.39117646,0.36666667,0.39313728,0.39313728,0.40490198,0.41764706,0.41568628,0.41470587,0.47843137,0.40980393,0.41568628
0.5901961,0.5205883,0.41764706,0.4343137,0.45490196,0.45490196,0.44313726,0.4509804,0.4284314,0.43137255,0.43137255,0.44411767,0.45980394,0.47254902,0.48431373,0.47156864,0.49803922,0.6539216,0.6431372,0.53627455,0.51274514,0.6529412,0.62843144,0.62843144,0.6245098,0.62647057,0.6450981,0.55588233,0.48333335,0.42156863,0.43627453,0.48431373,0.5568627,0.29313725,0.6313726,0.6539216,0.66764706,0.65588236,0.6450981,0.57058823,0.6343137,0.65882355,0.33333334,0.42156863,0.52549016,0.5715686,0.6,0.6039216,0.60784316,0.31666666,0.3107843,0.56666666,0.4343137,0.29215688,0.3137255,0.3156863,0.31470588,0.31470588,0.31470588,0.31666666,0.31960785,0.32254902,0.3382353,0.34901962,0.35392156,0.35196078,0.3529412,0.35,0.3509804,0.2901961,0.30686274,0.37254903,0.3735294,0.36862746,0.37156862,0.3745098,0.37254903,0.3745098,0.3764706,0.3754902,0.3754902,0.3764706,0.3754902,0.37941176,0.37843138,0.377451,0.38039216,0.38039216,0.38627452,0.38627452,0.39313728,0.39215687,0.3882353,0.39117646,0.39313728,0.3872549,0.3872549,0.38627452,0.3882353,0.3882353,0.38627452,0.38529414,0.3892157,0.39313728,0.3990196,0.39509803,0.40490198,0.40588236,0.40784314,0.4019608,0.39705884,0.39607844,0.39803922,0.4009804,0.40490198,0.40392157,0.40882355,0.40784314,0.40784314,0.4107843,0.40686274,0.40294117,0.40980393,0.40686274,0.40882355,0.4019608,0.4107843,0.41862744,0.41960785,0.42058825,0.41470587,0.41862744,0.4284314,0.43627453,0.43627453,0.42941177,0.43039215,0.44215685,0.43627453,0.44117647,0.43137255,0.69411767,0.82549024,0.81960785,0.82058823,0.8264706,0.80490196,0.68529415,0.47941178,0.39215687,0.42745098,0.422549,0.42156863,0.42156863,0.42156863,0.42450982,0.4254902,0.422549,0.42450982,0.42450982,0.4254902,0.42941177,0.42941177,0.43137255,0.43333334,0.4401961,0.44117647,0.44411767,0.4509804,0.45,0.45,0.45784312,0.48235294,0.47843137,0.48137254,0.48725492,0.47745097,0.47745097,0.48333335,0.47156864,0.46862745,0.46862745,0.45882353,0.45882353,0.46470588,0.4617647,0.46078432,0.44705883,0.39117646,0.41274512,0.40686274,0.39411765,0.5088235,0.7980392,0.84901965,0.8303922,0.8411765,0.6990196,0.43039215,0.43137255,0.43333334,0.4343137,0.43039215,0.4372549,0.4343137,0.4343137,0.4343137,0.43627453,0.4392157,0.43627453,0.44509804,0.4372549,0.43627453,0.43627453,0.4392157,0.44411767,0.44313726,0.4490196,0.44509804,0.44607842,0.44509804,0.44705883,0.4509804,0.4519608,0.45294118,0.45294118,0.45392156,0.4519608,0.45392156,0.45882353,0.45294118,0.45,0.45490196,0.45,0.4490196,0.4519608,0.44607842,0.4490196,0.44705883,0.44411767,0.4372549,0.4372549,0.4254902,0.4166667,0.40588236,0.3872549,0.36862746,0.37941176,0.38431373,0.41960785,0.4284314,0.42745098,0.43627453,0.4627451,0.40392157,0.42156863
0.57941175,0.47941178,0.3382353,0.42647058,0.4490196,0.4372549,0.4490196,0.45,0.44215685,0.44215685,0.4284314,0.44313726,0.44411767,0.46666667,0.47058824,0.47352943,0.4911765,0.60392153,0.65000004,0.6362745,0.47843137,0.572549,0.64117646,0.62745094,0.6147059,0.62352943,0.6156863,0.41764706,0.48235294,0.2882353,0.36862746,0.42156863,0.60784316,0.38235295,0.53627455,0.6333333,0.6843137,0.67156863,0.6186274,0.65,0.6166667,0.5715686,0.33431372,0.46470588,0.5372549,0.5833334,0.5892157,0.6215686,0.64705884,0.27941176,0.3019608,0.5117647,0.4764706,0.51862746,0.45294118,0.3127451,0.3156863,0.31764707,0.32058823,0.32058823,0.31960785,0.32156864,0.32843137,0.33529413,0.33529413,0.3382353,0.34117648,0.34313726,0.34411764,0.34313726,0.29215688,0.31470588,0.35980392,0.36078432,0.36078432,0.37058824,0.37254903,0.3735294,0.3735294,0.3735294,0.3754902,0.37156862,0.3764706,0.3745098,0.3745098,0.3754902,0.377451,0.377451,0.38235295,0.38333333,0.38333333,0.377451,0.37941176,0.38235295,0.3764706,0.37941176,0.38529414,0.38137257,0.38627452,0.38627452,0.38137257,0.3892157,0.39509803,0.39607844,0.39019608,0.39509803,0.3990196,0.39215687,0.39607844,0.39607844,0.39607844,0.39607844,0.39411765,0.4,0.4019608,0.4019608,0.40490198,0.40588236,0.4,0.40490198,0.40588236,0.40588236,0.4019608,0.40784314,0.40784314,0.40882355,0.4137255,0.41862744,0.422549,0.42058825,0.42352942,0.42941177,0.43039215,0.42647058,0.43137255,0.42156863,0.43137255,0.777451,0.84411764,0.79607844,0.64705884,0.41862744,0.3872549,0.41568628,0.41470587,0.41470587,0.41274512,0.4107843,0.4107843,0.41470587,0.42156863,0.42352942,0.42450982,0.42450982,0.42352942,0.42450982,0.42450982,0.422549,0.422549,0.422549,0.42647058,0.4343137,0.4343137,0.4343137,0.43627453,0.43627453,0.4372549,0.4372549,0.4401961,0.4401961,0.4372549,0.43137255,0.44215685,0.44705883,0.45490196,0.45686275,0.46764708,0.4490196,0.44117647,0.4392157,0.4392157,0.43627453,0.44117647,0.44313726,0.4,0.75392157,0.5323529,0.50784314,0.42352942,0.36078432,0.422549,0.4117647,0.42352942,0.42352942,0.42352942,0.4343137,0.43137255,0.4019608,0.43333334,0.4372549,0.4343137,0.43039215,0.43235296,0.43333334,0.4372549,0.43529412,0.43529412,0.4372549,0.4343137,0.43627453,0.4343137,0.43627453,0.43333334,0.4343137,0.43627453,0.43823528,0.4401961,0.44705883,0.45,0.4490196,0.45,0.4490196,0.45,0.44705883,0.44705883,0.4509804,0.44411767,0.44705883,0.45,0.44705883,0.44705883,0.44803923,0.45,0.44705883,0.44705883,0.4519608,0.4490196,0.45392156,0.45294118,0.4490196,0.44313726,0.4490196,0.44215685,0.43039215,0.41862744,0.39803922,0.37843138,0.35392156,0.40294117,0.41568628,0.4166667,0.39803922,0.40882355,0.47058824,0.39509803,0.4117647
0.54019606,0.3107843,0.27450982,0.44607842,0.44607842,0.45294118,0.45,0.44803923,0.4372549,0.45490196,0.43823528,0.43235296,0.44117647,0.44607842,0.46764708,0.48137257,0.48529413,0.54313725,0.62058824,0.65196085,0.5803921,0.48431373,0.6147059,0.6362746,0.62352943,0.6343137,0.595098,0.46764708,0.5294118,0.3127451,0.31960785,0.40392157,0.4519608,0.57549024,0.2990196,0.6735294,0.6813726,0.66568625,0.63823533,0.65686274,0.63235295,0.30882353,0.34607843,0.49705884,0.5656863,0.5803921,0.59803927,0.6284314,0.6401961,0.5617647,0.30392158,0.30392158,0.5352941,0.45588237,0.47058824,0.46764708,0.35784313,0.31470588,0.31764707,0.31764707,0.32058823,0.32058823,0.32058823,0.32352942,0.32352942,0.3254902,0.33137256,0.33529413,0.33529413,0.3372549,0.34117648,0.27941176,0.31960785,0.35,0.3529412,0.35392156,0.36372548,0.36078432,0.36568627,0.36568627,0.3647059,0.36568627,0.36372548,0.36862746,0.37058824,0.36764705,0.37058824,0.3735294,0.377451,0.3764706,0.37843138,0.3754902,0.3735294,0.3745098,0.3745098,0.37843138,0.38039216,0.38137257,0.38333333,0.38529414,0.38333333,0.38333333,0.38039216,0.37843138,0.38137257,0.37941176,0.38431373,0.3872549,0.39117646,0.39117646,0.39607844,0.39607844,0.39607844,0.39411765,0.39411765,0.39019608,0.38529414,0.3882353,0.39117646,0.39313728,0.39705884,0.39705884,0.4019608,0.4019608,0.4,0.4,0.40294117,0.40294117,0.40882355,0.40882355,0.4117647,0.41274512,0.41470587,0.41764706,0.41274512,0.40980393,0.4107843,0.40882355,0.40882355,0.40882355,0.40980393,0.4107843,0.4107843,0.4117647,0.41274512,0.41274512,0.4137255,0.4117647,0.41274512,0.41274512,0.41568628,0.41862744,0.41960785,0.42156863,0.41862744,0.41960785,0.422549,0.42745098,0.42745098,0.42745098,0.4254902,0.42745098,0.42941177,0.43137255,0.43137255,0.4343137,0.50392157,0.90686274,0.37058824,0.42941177,0.43039215,0.4343137,0.43039215,0.4254902,0.42745098,0.43039215,0.42745098,0.4284314,0.43235296,0.43627453,0.43529412,0.4372549,0.8127451,0.8303922,0.8303922,0.83431375,0.60882354,0.49901962,0.3990196,0.3127451,0.5901961,0.77549016,0.7911765,0.82941175,0.83431375,0.6117647,0.3764706,0.43627453,0.43235296,0.44215685,0.4343137,0.43137255,0.43235296,0.43039215,0.43235296,0.43137255,0.43137255,0.43333334,0.43137255,0.43529412,0.43529412,0.4372549,0.43333334,0.4372549,0.4372549,0.4372549,0.4343137,0.43529412,0.4372549,0.44411767,0.4401961,0.4401961,0.44411767,0.4401961,0.43823528,0.44313726,0.4392157,0.4401961,0.4401961,0.44607842,0.44117647,0.44313726,0.44313726,0.44313726,0.4392157,0.44313726,0.44803923,0.45490196,0.45,0.44803923,0.44313726,0.44215685,0.43235296,0.42156863,0.41960785,0.40686274,0.38137257,0.35392156,0.39803922,0.40882355,0.41470587,0.40294117,0.40490198,0.4745098,0.4009804,0.41274512
0.4764706,0.27745098,0.37843138,0.49607843,0.48137257,0.45882353,0.44215685,0.45980394,0.44509804,0.44803923,0.44313726,0.4284314,0.43235296,0.43627453,0.44803923,0.4627451,0.4745098,0.5098039,0.6294118,0.6431372,0.63529414,0.51862746,0.5107843,0.63235295,0.6068628,0.6186274,0.54313725,0.4911765,0.5235294,0.29803923,0.30588236,0.27254903,0.4372549,0.5862745,0.5,0.38137257,0.6637255,0.6735294,0.6745098,0.627451,0.6392157,0.34117648,0.41568628,0.5372549,0.5676471,0.59411764,0.6039216,0.6186275,0.64215684,0.51862746,0.30490196,0.29705882,0.517647,0.5,0.39313728,0.46764708,0.48137257,0.49313727,0.30490196,0.3156863,0.31764707,0.32058823,0.32156864,0.32058823,0.31960785,0.31862745,0.31862745,0.31862745,0.32352942,0.3254902,0.327451,0.327451,0.29607844,0.31960785,0.3362745,0.3392157,0.34215686,0.34705883,0.34411764,0.35,0.3509804,0.35392156,0.35588235,0.35588235,0.35882354,0.35882354,0.35686275,0.36078432,0.3647059,0.3647059,0.3647059,0.3627451,0.3627451,0.3627451,0.36666667,0.37156862,0.3735294,0.3735294,0.37254903,0.37156862,0.37254903,0.37156862,0.37058824,0.37156862,0.36960784,0.3745098,0.3745098,0.37843138,0.38137257,0.38333333,0.3882353,0.38627452,0.39019608,0.3882353,0.39019608,0.39019608,0.39313728,0.39509803,0.39509803,0.39313728,0.39313728,0.39313728,0.39313728,0.39411765,0.39607844,0.39705884,0.39509803,0.39411765,0.39705884,0.40294117,0.40392157,0.40588236,0.40588236,0.40392157,0.40294117,0.4,0.4,0.40294117,0.40392157,0.40686274,0.40882355,0.4107843,0.40980393,0.40980393,0.40980393,0.40588236,0.40980393,0.4107843,0.40980393,0.41568628,0.41568628,0.41764706,0.41960785,0.41862744,0.42058825,0.41960785,0.41960785,0.422549,0.422549,0.42058825,0.422549,0.42647058,0.4254902,0.42450982,0.42745098,0.41960785,0.9578431,0.9892157,0.8598039,0.42156863,0.41862744,0.41862744,0.41568628,0.41960785,0.4254902,0.4254902,0.42450982,0.40686274,0.60392153,0.86176467,0.3754902,0.82549024,0.82549024,0.82843137,0.83235294,0.8303922,0.7029412,0.4745098,0.34901962,0.44411767,0.7264706,0.78431374,0.8137255,0.8392157,0.8215686,0.8382353,0.84411764,0.8460784,0.8754902,0.4343137,0.43627453,0.42745098,0.4284314,0.4284314,0.43039215,0.43235296,0.42941177,0.43137255,0.4284314,0.43039215,0.43333334,0.43627453,0.4401961,0.43823528,0.44313726,0.4392157,0.4343137,0.43627453,0.43137255,0.43333334,0.43627453,0.4401961,0.43529412,0.44509804,0.4372549,0.43823528,0.44215685,0.4401961,0.44607842,0.44607842,0.44411767,0.44607842,0.44215685,0.4490196,0.44509804,0.44313726,0.44313726,0.44117647,0.44313726,0.44117647,0.4392157,0.4372549,0.4372549,0.43137255,0.42058825,0.40882355,0.39117646,0.36372548,0.40490198,0.40980393,0.4117647,0.39215687,0.39019608,0.47156864,0.3892157,0.4
0.37941176,0.2754902,0.53627455,0.45686275,0.51666665,0.5,0.47352943,0.44313726,0.44705883,0.4392157,0.4509804,0.4343137,0.43137255,0.43529412,0.43529412,0.45686275,0.46568626,0.48333335,0.595098,0.6431372,0.6490196,0.6313726,0.4754902,0.57843137,0.6186274,0.6196078,0.43235296,0.43235296,0.37156862,0.29411766,0.30392158,0.31764707,0.39215687,0.37843138,0.5852941,0.26666668,0.67941177,0.6539216,0.66078436,0.65882355,0.6333333,0.3372549,0.43333334,0.5392157,0.58137256,0.6156863,0.6127451,0.6019608,0.62254906,0.4882353,0.45784312,0.29509804,0.29117647,0.48529413,0.42156863,0.5098039,0.47058824,0.40294117,0.49901962,0.32941177,0.3107843,0.3137255,0.31666666,0.31862745,0.31960785,0.32058823,0.32156864,0.32156864,0.32058823,0.32058823,0.32352942,0.3254902,0.3254902,0.32647058,0.5901961,0.32647058,0.32941177,0.33529413,0.33529413,0.3392157,0.34313726,0.35,0.35,0.35196078,0.35196078,0.35,0.35,0.3480392,0.34901962,0.35196078,0.35686275,0.35490197,0.35392156,0.35980392,0.35980392,0.3627451,0.36666667,0.3647059,0.36764705,0.36372548,0.36372548,0.36372548,0.36372548,0.3627451,0.36568627,0.36568627,0.36960784,0.37254903,0.3754902,0.37941176,0.38333333,0.38235295,0.38137257,0.37843138,0.37843138,0.38137257,0.38137257,0.38137257,0.38137257,0.37843138,0.377451,0.37941176,0.38529414,0.38627452,0.38627452,0.39117646,0.39117646,0.3892157,0.3872549,0.3892157,0.3872549,0.3872549,0.39019608,0.39215687,0.39215687,0.39411765,0.39509803,0.39803922,0.4009804,0.40392157,0.40686274,0.40980393,0.4117647,0.4117647,0.4107843,0.40882355,0.40882355,0.4117647,0.4117647,0.41274512,0.41274512,0.41274512,0.4137255,0.41568628,0.41568628,0.4137255,0.4137255,0.41470587,0.41470587,0.41764706,0.42058825,0.42058825,0.42058825,0.42156863,0.41764706,0.45882353,0.9970588,1.0,0.9529412,0.4117647,0.41960785,0.41862744,0.41862744,0.41862744,0.38137257,0.74215686,0.8166667,0.8176471,0.7784314,0.37843138,0.8264706,0.8235294,0.8215686,0.9196078,1.0,0.8137255,0.77254903,0.47156864,0.36568627,0.5490196,0.76960784,0.79313725,0.8127451,0.82843137,0.82843137,0.8539216,0.86078435,0.84901965,0.877451,0.86960787,0.8656863,0.71470594,0.41568628,0.42745098,0.42450982,0.4372549,0.42941177,0.43137255,0.43137255,0.4254902,0.4254902,0.43039215,0.43137255,0.43235296,0.43823528,0.4343137,0.43823528,0.4343137,0.43529412,0.43137255,0.4343137,0.4284314,0.42450982,0.43137255,0.43137255,0.43333334,0.43039215,0.4343137,0.43627453,0.43823528,0.44117647,0.44117647,0.4372549,0.44215685,0.44215685,0.43627453,0.4343137,0.43235296,0.4343137,0.4372549,0.4372549,0.43823528,0.44313726,0.4284314,0.41862744,0.41470587,0.39411765,0.36862746,0.41568628,0.40980393,0.40882355,0.39313728,0.3882353,0.46470588,0.39509803,0.40686274
0.26960784,0.25392157,0.54117644,0.25,0.44509804,0.5205883,0.5147059,0.48431373,0.4627451,0.43823528,0.43823528,0.4509804,0.43823528,0.42745098,0.43333334,0.4392157,0.46862745,0.4745098,0.4862745,0.6137255,0.63529414,0.64411765,0.5715686,0.47254902,0.6019608,0.60588235,0.41470587,0.48137257,0.3990196,0.31862745,0.29117647,0.30294117,0.29705882,0.4117647,0.48235294,0.527451,0.25,0.6862745,0.65000004,0.65098035,0.47843137,0.33235294,0.45784315,0.54607844,0.60784316,0.60784316,0.6068628,0.6156863,0.6254902,0.46666667,0.49313727,0.3,0.29705882,0.4911765,0.43137255,0.5441177,0.44607842,0.38333333,0.5137255,0.3392157,0.35686275,0.42156863,0.30294117,0.31666666,0.31666666,0.3156863,0.31666666,0.31862745,0.31960785,0.32058823,0.32352942,0.3245098,0.3254902,0.3254902,0.3245098,0.3245098,0.3245098,0.327451,0.33333334,0.3362745,0.3382353,0.34117648,0.34411764,0.34509805,0.34509805,0.34509805,0.34509805,0.34411764,0.34313726,0.34509805,0.34509805,0.34901962,0.3529412,0.35196078,0.35392156,0.35490197,0.35490197,0.35490197,0.35686275,0.35686275,0.35686275,0.35686275,0.35980392,0.36078432,0.36372548,0.36568627,0.36568627,0.36862746,0.36862746,0.37058824,0.36960784,0.36960784,0.37254903,0.37254903,0.3735294,0.3764706,0.3764706,0.3764706,0.3764706,0.3754902,0.3754902,0.3745098,0.3745098,0.3735294,0.3754902,0.37941176,0.38333333,0.38431373,0.3882353,0.39019608,0.39117646,0.39215687,0.39411765,0.39509803,0.39803922,0.39607844,0.39803922,0.3990196,0.4,0.4009804,0.4009804,0.4,0.40392157,0.40392157,0.40588236,0.40784314,0.40784314,0.40882355,0.4117647,0.4137255,0.40980393,0.40980393,0.40980393,0.40882355,0.4137255,0.4166667,0.41764706,0.41764706,0.41764706,0.4166667,0.41274512,0.40980393,0.40882355,0.40882355,0.40980393,0.82843137,1.0,0.9941176,1.0,0.28137255,0.41470587,0.4911765,0.8,0.8009804,0.8009804,0.80196077,0.8039216,0.6843138,0.39411765,0.8352941,0.98039216,1.0,1.0,0.8156863,0.8215686,0.8127451,0.6921569,0.45784312,0.3372549,0.5382353,0.77254903,0.79313725,0.8127451,0.845098,0.827451,0.8647059,0.8539216,0.85882354,0.87647057,0.8686274,0.8715687,0.87941176,0.88529414,0.89117646,0.36960787,0.41862744,0.4284314,0.42450982,0.43039215,0.42352942,0.42058825,0.4254902,0.4284314,0.4254902,0.42941177,0.43039215,0.42745098,0.4284314,0.4284314,0.42647058,0.43137255,0.42647058,0.4254902,0.42647058,0.43529412,0.4372549,0.43137255,0.4343137,0.4372549,0.4372549,0.4392157,0.4372549,0.43627453,0.43137255,0.43333334,0.43333334,0.43627453,0.4343137,0.4343137,0.43137255,0.42647058,0.42647058,0.42745098,0.4254902,0.4166667,0.4107843,0.4009804,0.38137257,0.40392157,0.40588236,0.3990196,0.39411765,0.39215687,0.46666667,0.38039216,0.39215687
0.27745098,0.4637255,0.48725492,0.29215688,0.25,0.48137257,0.477451,0.47843137,0.5088235,0.45980394,0.44509804,0.44215685,0.45392156,0.44117647,0.4372549,0.4372549,0.43529412,0.46568626,0.47843137,0.48039216,0.6196078,0.6313726,0.6372549,0.49901962,0.50686276,0.5588235,0.4735294,0.52549016,0.504902,0.3245098,0.30882353,0.3872549,0.4401961,0.4117647,0.5264706,0.60294116,0.3529412,0.64607847,0.64215684,0.64607847,0.65882355,0.43333334,0.54607844,0.6313726,0.6333333,0.6245098,0.62254906,0.6245098,0.5764706,0.4745098,0.45392156,0.46470588,0.2901961,0.32058823,0.48235294,0.54117644,0.45490196,0.4392157,0.527451,0.44215685,0.35980392,0.38137257,0.5519608,0.54313725,0.36078432,0.31960785,0.31960785,0.31764707,0.31666666,0.31666666,0.31666666,0.31764707,0.32058823,0.3245098,0.32647058,0.32647058,0.32647058,0.32647058,0.32843137,0.33039215,0.32941177,0.33039215,0.33333334,0.3382353,0.34509805,0.34509805,0.34705883,0.34509805,0.34313726,0.34215686,0.34117648,0.34411764,0.3480392,0.3509804,0.3509804,0.35196078,0.3509804,0.3509804,0.35196078,0.35392156,0.35588235,0.35784313,0.36078432,0.3617647,0.3627451,0.36372548,0.36372548,0.36372548,0.36568627,0.36666667,0.36666667,0.36960784,0.36960784,0.36862746,0.36764705,0.36862746,0.37156862,0.37254903,0.3754902,0.37843138,0.37843138,0.3764706,0.3764706,0.3745098,0.3735294,0.3745098,0.3754902,0.37843138,0.38235295,0.38529414,0.3892157,0.39117646,0.3892157,0.3882353,0.3882353,0.3892157,0.39117646,0.39411765,0.39705884,0.4009804,0.4019608,0.4009804,0.40392157,0.40588236,0.40392157,0.40392157,0.40392157,0.40392157,0.40294117,0.40490198,0.40686274,0.40980393,0.4137255,0.4117647,0.41274512,0.40882355,0.40980393,0.40882355,0.40882355,0.40490198,0.40686274,0.4107843,0.4117647,0.4137255,0.7764706,0.6421569,1.0,0.85392153,0.95882356,0.9941176,0.7852942,0.7980392,0.7980392,0.79509807,0.8009804,0.8333334,0.93039215,0.9019608,0.9901961,1.0,0.827451,0.8156863,0.8186275,0.81960785,0.82058823,0.74705887,0.49901962,0.39019608,0.35,0.6245098,0.77254903,0.8127451,0.83137256,0.8421569,0.8421569,0.8637255,0.85784316,0.87941176,0.8637255,0.8656863,0.8715687,0.8872549,0.8764706,0.89411765,0.8656863,0.88039213,0.6362745,0.41862744,0.41862744,0.42156863,0.4117647,0.4137255,0.41862744,0.42450982,0.4254902,0.43137255,0.42352942,0.4284314,0.422549,0.422549,0.42450982,0.422549,0.422549,0.42647058,0.4284314,0.42745098,0.43039215,0.43039215,0.4343137,0.4343137,0.4343137,0.44215685,0.43627453,0.43823528,0.43529412,0.43333334,0.42450982,0.42745098,0.43137255,0.43137255,0.43039215,0.43137255,0.43333334,0.43235296,0.42647058,0.42156863,0.40294117,0.38235295,0.4107843,0.40490198,0.41274512,0.41960785,0.4117647,0.47058824,0.37941176,0.3892157
0.2784314,0.2735294,0.2872549,0.28235295,0.29117647,0.25,0.47254902,0.48333335,0.45980394,0.5205883,0.45686275,0.45686275,0.44215685,0.44803923,0.4343137,0.43627453,0.4392157,0.45,0.46568626,0.4764706,0.50392157,0.6372549,0.65000004,0.60588235,0.46764708,0.43039215,0.5029412,0.5568627,0.53039217,0.30392158,0.3754902,0.44215685,0.44607842,0.48039216,0.60588235,0.60294116,0.5509804,0.30980393,0.6343137,0.6401961,0.4745098,0.4401961,0.5627451,0.65686274,0.62254906,0.6196078,0.6098039,0.60392153,0.5372549,0.47843137,0.39705884,0.49803922,0.3009804,0.2901961,0.49019608,0.49411765,0.5,0.5352941,0.54019606,0.50392157,0.35392156,0.3372549,0.4911765,0.5392157,0.5539216,0.5470588,0.4852941,0.32941177,0.2990196,0.32352942,0.42058825,0.27254903,0.31960785,0.31960785,0.32058823,0.32352942,0.32647058,0.32941177,0.33039215,0.33039215,0.32941177,0.33039215,0.33431372,0.3382353,0.34117648,0.34411764,0.34509805,0.3480392,0.34705883,0.34509805,0.34509805,0.34607843,0.34705883,0.3480392,0.3480392,0.34509805,0.34509805,0.34509805,0.34607843,0.3480392,0.3509804,0.35686275,0.36078432,0.3627451,0.3617647,0.35882354,0.35784313,0.35490197,0.35686275,0.35784313,0.3617647,0.3647059,0.36666667,0.36666667,0.36666667,0.36960784,0.37058824,0.3735294,0.3735294,0.3745098,0.3764706,0.3764706,0.3754902,0.3735294,0.3735294,0.3735294,0.3754902,0.37843138,0.38235295,0.38431373,0.38627452,0.3872549,0.3882353,0.3872549,0.3882353,0.3882353,0.3882353,0.39019608,0.39215687,0.39509803,0.39607844,0.39411765,0.39411765,0.39509803,0.3990196,0.4009804,0.4009804,0.4019608,0.40686274,0.40784314,0.40392157,0.40294117,0.4009804,0.4009804,0.4,0.39803922,0.4019608,0.40686274,0.40588236,0.40490198,0.40784314,0.40980393,0.40980393,0.41274512,1.0,0.79509807,0.9078431,0.77254903,0.9431373,1.0,1.0,1.0,0.99607843,1.0,1.0,1.0,1.0,1.0,0.78333336,0.8029412,0.80784315,0.8117647,0.8137255,0.8147059,0.8176471,0.55490196,0.5137255,0.30392158,0.4343137,0.71960783,0.77156866,0.8156863,0.83235294,0.845098,0.84803927,0.85490197,0.85784316,0.8784314,0.8666667,0.8754902,0.8627451,0.8833333,0.8833333,0.87941176,0.8715687,0.8617647,0.88431376,0.877451,0.7784314,0.44607842,0.41470587,0.4137255,0.4107843,0.4137255,0.41960785,0.42156863,0.42156863,0.42647058,0.4166667,0.4166667,0.42156863,0.41862744,0.42450982,0.42745098,0.4254902,0.43039215,0.4254902,0.43235296,0.43137255,0.43039215,0.4284314,0.42745098,0.42745098,0.42647058,0.42450982,0.422549,0.42450982,0.44313726,0.45490196,0.4509804,0.4490196,0.4372549,0.4372549,0.4284314,0.42156863,0.41274512,0.3990196,0.38137257,0.41862744,0.40980393,0.40686274,0.40784314,0.3990196,0.48137254,0.36862746,0.38529414
0.2882353,0.29607844,0.34215686,0.33235294,0.29313725,0.30588236,0.29705882,0.504902,0.48529413,0.49411765,0.5333333,0.46862745,0.45294118,0.44509804,0.44411767,0.43039215,0.4401961,0.42941177,0.46568626,0.45980394,0.46764708,0.5009804,0.6294118,0.63725495,0.53137255,0.4401961,0.49019608,0.5686275,0.527451,0.3245098,0.40490198,0.52254903,0.5117647,0.504902,0.50392157,0.59705883,0.5627451,0.6019608,0.4627451,0.6284314,0.34509805,0.477451,0.60294116,0.61176467,0.6333333,0.6392157,0.6215687,0.6392157,0.5235294,0.49607843,0.42058825,0.49901962,0.43235296,0.29215688,0.3617647,0.48333335,0.45882353,0.54019606,0.5372549,0.51666665,0.31862745,0.3480392,0.42450982,0.54509807,0.5539216,0.51960784,0.3764706,0.3156863,0.30392158,0.34215686,0.8539216,0.8519608,0.4401961,0.89411765,0.68529415,0.25,0.32058823,0.32352942,0.32647058,0.32941177,0.33039215,0.33039215,0.33333334,0.3382353,0.3392157,0.34215686,0.34215686,0.34411764,0.34411764,0.34705883,0.34607843,0.34705883,0.34705883,0.34705883,0.3480392,0.3480392,0.3480392,0.3480392,0.34901962,0.34901962,0.3509804,0.35392156,0.35686275,0.36078432,0.36078432,0.35980392,0.35882354,0.35980392,0.35980392,0.3627451,0.36372548,0.36666667,0.36764705,0.37058824,0.37254903,0.3735294,0.3754902,0.3735294,0.3735294,0.3745098,0.3745098,0.3754902,0.3754902,0.3754902,0.3754902,0.3754902,0.37843138,0.38137257,0.38137257,0.38333333,0.38431373,0.38431373,0.38627452,0.3872549,0.3882353,0.3882353,0.3882353,0.39117646,0.39313728,0.39705884,0.39705884,0.39705884,0.39803922,0.39607844,0.39215687,0.39215687,0.39215687,0.39117646,0.39117646,0.39117646,0.39117646,0.4764706,0.45686275,0.41764706,0.49803922,0.7617647,0.8666667,0.8901961,0.927451,0.9470588,0.9362745,0.877451,0.9470588,0.90686274,0.9627451,0.90588236,0.85784316,0.87254906,0.93529415,0.9117647,0.9862745,1.0,1.0,1.0,1.0,1.0,1.0,0.79509807,0.8009804,0.80588233,0.8088235,0.8088235,0.8088235,0.80980396,0.81078434,0.6647059,0.51960784,0.34411764,0.5284314,0.7431373,0.7921569,0.82549024,0.84313726,0.8303922,0.83725494,0.85784316,0.845098,0.8686274,0.85882354,0.87254906,0.88235295,0.89607847,0.8833333,0.8745098,0.8647059,0.86764705,0.88529414,0.85490197,0.86372554,0.827451,0.6872549,0.4254902,0.40980393,0.41274512,0.41470587,0.41568628,0.40980393,0.41470587,0.41470587,0.40784314,0.40686274,0.40980393,0.40980393,0.41470587,0.41470587,0.41862744,0.41862744,0.41862744,0.42352942,0.41568628,0.41274512,0.4166667,0.41960785,0.42450982,0.42745098,0.42450982,0.4254902,0.42450982,0.42450982,0.4254902,0.42058825,0.42156863,0.41470587,0.41470587,0.40980393,0.40294117,0.39705884,0.38529414,0.39607844,0.39509803,0.39705884,0.40294117,0.4019608,0.48333335,0.36764705,0.377451
0.28921568,0.28431374,0.28235295,0.34901962,0.39411765,0.28627452,0.32058823,0.34215686,0.49901962,0.44509804,0.5235294,0.5715686,0.45588237,0.45686275,0.4490196,0.44411767,0.4284314,0.43529412,0.44509804,0.45,0.46470588,0.4745098,0.50196075,0.63235295,0.5764706,0.49509805,0.4519608,0.56470585,0.4764706,0.34117648,0.44705883,0.5509804,0.5284314,0.5137255,0.41568628,0.55490196,0.48529413,0.6343137,0.6127451,0.64411765,0.33039215,0.504902,0.61764705,0.65588236,0.65588236,0.654902,0.6480392,0.65000004,0.5147059,0.5,0.4284314,0.49509805,0.46470588,0.3,0.29411766,0.5156863,0.40980393,0.5382353,0.5245098,0.52254903,0.3892157,0.45294118,0.44313726,0.5627451,0.5519608,0.50784314,0.35392156,0.31666666,0.30392158,0.33137256,0.82843137,0.7784314,0.55588233,0.8803922,0.877451,0.87058824,0.8666667,0.86470586,0.7941176,0.4401961,0.3,0.33137256,0.33431372,0.33529413,0.3372549,0.3372549,0.3372549,0.3392157,0.3392157,0.34215686,0.34411764,0.34607843,0.34901962,0.35,0.35,0.35196078,0.3509804,0.3509804,0.3509804,0.3509804,0.34901962,0.35,0.35196078,0.34901962,0.34901962,0.34901962,0.35,0.3509804,0.35196078,0.35588235,0.35980392,0.3617647,0.3627451,0.3627451,0.3627451,0.3627451,0.3627451,0.3627451,0.36372548,0.36666667,0.36862746,0.37058824,0.37156862,0.3735294,0.3764706,0.3764706,0.37941176,0.38137257,0.38235295,0.38235295,0.38333333,0.38431373,0.38431373,0.38431373,0.38431373,0.38333333,0.38333333,0.38235295,0.38235295,0.38235295,0.38235295,0.38235295,0.38235295,0.38529414,0.3892157,0.39117646,0.39411765,0.39411765,0.39313728,0.39411765,0.39411765,0.39705884,0.39803922,0.39509803,0.38627452,0.3990196,0.34901962,0.6686275,0.9764706,0.97745097,0.9558824,0.3745098,0.52549016,0.6362745,0.94215685,0.87058824,0.8235294,0.96568626,0.91568625,0.96862745,0.8764706,0.64607847,0.45392156,1.0,1.0,1.0,1.0,0.9901961,0.79509807,0.8019608,0.80588233,0.8088235,0.8068628,0.8019608,0.79901963,0.7392157,0.49019608,0.35,0.6107843,0.7607843,0.80784315,0.827451,0.8421569,0.84411764,0.85588235,0.8745098,0.85490197,0.8656863,0.8392157,0.8666667,0.877451,0.8754902,0.8901961,0.86176467,0.8568627,0.8686274,0.8754902,0.8519608,0.8264706,0.48725492,0.72352946,0.67941177,0.42745098,0.8117647,0.4107843,0.39705884,0.4107843,0.4117647,0.40980393,0.40882355,0.40882355,0.40980393,0.40980393,0.41568628,0.4166667,0.4166667,0.41862744,0.41862744,0.4137255,0.4107843,0.4107843,0.4107843,0.41274512,0.41274512,0.4166667,0.41764706,0.41862744,0.42156863,0.41862744,0.41764706,0.41862744,0.4166667,0.4117647,0.40980393,0.40686274,0.4,0.39509803,0.38333333,0.35686275,0.37941176,0.38627452,0.39215687,0.38039216,0.47254902,0.35686275,0.3735294
0.28039217,0.3617647,0.26666668,0.36862746,0.39215687,0.39509803,0.28921568,0.3382353,0.38431373,0.5235294,0.41764706,0.58137256,0.57058823,0.4617647,0.44607842,0.45490196,0.44607842,0.43235296,0.43333334,0.44411767,0.4617647,0.46764708,0.4627451,0.50686276,0.49411765,0.49705884,0.5529412,0.56078434,0.4911765,0.35,0.4911765,0.5,0.5058824,0.5980392,0.5098039,0.45392156,0.47941178,0.62941176,0.6215687,0.3245098,0.3990196,0.4754902,0.5107843,0.60392153,0.6107843,0.59705883,0.59411764,0.5205883,0.50392157,0.49411765,0.32352942,0.49019608,0.4617647,0.3892157,0.29509804,0.40588236,0.3882353,0.54607844,0.54509807,0.52254903,0.4509804,0.5372549,0.5009804,0.56078434,0.55980396,0.5421569,0.34705883,0.30686274,0.30686274,0.44117647,0.8127451,0.8294118,0.6862745,0.8784314,0.8754902,0.8686274,0.8617647,0.85588235,0.845098,0.84313726,0.8392157,0.79509807,0.50784314,0.32843137,0.33235294,0.3392157,0.34215686,0.34215686,0.34117648,0.34117648,0.34117648,0.34117648,0.34117648,0.34117648,0.34215686,0.34215686,0.34509805,0.34509805,0.34607843,0.34705883,0.34901962,0.35,0.3509804,0.35196078,0.35392156,0.35392156,0.35392156,0.35392156,0.35392156,0.35490197,0.35784313,0.35980392,0.35980392,0.36078432,0.36078432,0.3627451,0.3617647,0.36372548,0.36568627,0.36862746,0.37058824,0.37254903,0.37058824,0.36666667,0.36862746,0.3735294,0.3764706,0.37843138,0.37843138,0.37843138,0.377451,0.3764706,0.3764706,0.37843138,0.37941176,0.37941176,0.37843138,0.38039216,0.38235295,0.38431373,0.38431373,0.38529414,0.38627452,0.38529414,0.38529414,0.38431373,0.38431373,0.38627452,0.38627452,0.39019608,0.39117646,0.34705883,0.57941175,0.7872549,0.8627451,0.8539216,0.8509804,0.8480392,0.8450981,0.8421569,0.8392157,0.84019613,0.84019613,0.8147059,0.9882353,0.9127451,0.9460784,0.55490196,0.97450984,0.89117646,0.8068628,0.8088235,0.672549,0.5421569,0.70686275,0.78627455,0.78333336,0.7784314,0.80098045,0.8068628,0.8127451,0.8117647,0.8117647,0.8117647,0.8137255,0.71862745,0.4764706,0.3372549,0.63235295,0.7735294,0.8186275,0.8303922,0.8392157,0.84313726,0.86078435,0.8745098,0.8627451,0.86764705,0.8666667,0.88039213,0.877451,0.8745098,0.8637255,0.8627451,0.85,0.8421569,0.82843137,0.80784315,0.6147059,0.74313724,0.84705883,0.8803922,0.8813726,0.4637255,0.39607844,0.32254902,0.30588236,0.31176472,0.33333334,0.40490198,0.40294117,0.40392157,0.40392157,0.40588236,0.4117647,0.41470587,0.40882355,0.41274512,0.4107843,0.40784314,0.40686274,0.40686274,0.40980393,0.40882355,0.41764706,0.4166667,0.41862744,0.41862744,0.41470587,0.41470587,0.4117647,0.40588236,0.40294117,0.40294117,0.4009804,0.39705884,0.39411765,0.38431373,0.36372548,0.3627451,0.36862746,0.377451,0.38431373,0.45882353,0.34215686,0.35784313
0.29117647,0.27941176,0.29509804,0.33235294,0.3754902,0.3872549,0.39117646,0.2882353,0.35882354,0.4166667,0.50784314,0.37941176,0.6098039,0.5852941,0.477451,0.4509804,0.45882353,0.44411767,0.43137255,0.4343137,0.4509804,0.4490196,0.46470588,0.45588237,0.39509803,0.4490196,0.56666666,0.54509807,0.3156863,0.40490198,0.5519608,0.5156863,0.48725492,0.60784316,0.6,0.43823528,0.5137255,0.6009804,0.6166667,0.3392157,0.35784316,0.54313725,0.5745098,0.68529415,0.677451,0.64705884,0.65686274,0.5058824,0.5,0.49215686,0.49411765,0.41764706,0.44509804,0.49509805,0.29215688,0.29215688,0.5245098,0.54313725,0.54313725,0.5107843,0.49313727,0.5088235,0.5470588,0.55784315,0.5656863,0.5352941,0.3509804,0.30784315,0.30686274,0.7264706,0.8392157,0.5392157,0.7637255,0.87254906,0.8686274,0.8637255,0.85784316,0.85294116,0.85,0.84411764,0.8392157,0.53137255,0.30490196,0.327451,0.32156864,0.32352942,0.32352942,0.7794118,0.28333333,0.8039216,0.80588233,0.8117647,0.8127451,0.81078434,0.80588233,0.7970588,0.7892157,0.77254903,0.7745098,0.7754902,0.7754902,0.777451,0.6539216,0.3745098,0.3127451,0.34607843,0.34901962,0.35196078,0.35686275,0.36078432,0.36372548,0.36372548,0.36372548,0.36372548,0.36568627,0.36960784,0.37058824,0.39803922,0.35588235,0.37058824,0.36862746,0.36764705,0.36862746,0.36862746,0.36764705,0.36960784,0.37058824,0.37058824,0.37254903,0.37254903,0.3745098,0.3754902,0.3754902,0.3764706,0.3764706,0.377451,0.37843138,0.37843138,0.377451,0.3764706,0.377451,0.37843138,0.36764705,0.36078432,0.47941178,0.64411765,0.7676471,0.8421569,0.85784316,0.8598039,0.8627451,0.8637255,0.8647059,0.8666667,0.8686274,0.8666667,0.8666667,0.8637255,0.8617647,0.8568628,0.85294116,0.8509804,0.8509804,0.7852941,1.0,0.7176471,0.72745097,0.7764706,0.8647059,0.83235294,0.6529412,0.5009804,0.33431372,0.78137255,0.8421569,0.8421569,0.8392157,0.8362745,0.83137256,0.827451,0.82549024,0.8235294,0.8235294,0.822549,0.81078434,0.58235294,0.4372549,0.34019607,0.58137256,0.7784314,0.81372553,0.8392157,0.83823526,0.827451,0.8637255,0.8617647,0.8637255,0.8686274,0.86176467,0.8637255,0.8647059,0.877451,0.88039213,0.845098,0.84411764,0.8039216,0.59803927,0.704902,0.8235294,0.8156863,0.8833333,0.5235294,0.87058824,0.8147059,0.63823533,0.3245098,0.31960785,0.32058823,0.31960785,0.31862745,0.31764707,0.54019606,0.48333335,0.39215687,0.40392157,0.4009804,0.39803922,0.40392157,0.40588236,0.40392157,0.4009804,0.4009804,0.40294117,0.40392157,0.40588236,0.40294117,0.40294117,0.40294117,0.4019608,0.40392157,0.40294117,0.4,0.39803922,0.39705884,0.39509803,0.3882353,0.38137257,0.37156862,0.36372548,0.38137257,0.36862746,0.3617647,0.38627452,0.40882355,0.4117647,0.34705883
0.28529412,0.29313725,0.3019608,0.37254903,0.38235295,0.3754902,0.38137257,0.37058824,0.28039217,0.35196078,0.45784312,0.5147059,0.39313728,0.6284314,0.577451,0.477451,0.45980394,0.4617647,0.44509804,0.44117647,0.44117647,0.44607842,0.4509804,0.43627453,0.42450982,0.40588236,0.5588235,0.5294118,0.3392157,0.39019608,0.48725492,0.4764706,0.48725492,0.6,0.6098039,0.5333333,0.5264706,0.49313727,0.54509807,0.3392157,0.46862745,0.5715686,0.6284314,0.69803923,0.68235296,0.69117653,0.7176471,0.49215686,0.45294118,0.49803922,0.48529413,0.25,0.39509803,0.46862745,0.39019608,0.28921568,0.4509804,0.54019606,0.54313725,0.477451,0.5117647,0.45588237,0.5421569,0.5490196,0.5617647,0.51274514,0.34509805,0.25,0.30980393,0.86764705,0.83137256,0.5323529,0.8352941,0.86960787,0.86764705,0.8617647,0.8519608,0.845098,0.8480392,0.8480392,0.845098,0.5441177,0.32156864,0.32156864,0.31960785,0.32254902,0.30392158,0.8127451,0.81470585,0.8098039,0.8029412,0.8009804,0.8009804,0.8019608,0.8009804,0.8019608,0.8019608,0.7990196,0.79607844,0.7970588,0.7980392,0.7990196,0.8,0.80098045,0.7990196,0.7990196,0.80588233,0.34117648,0.34117648,0.6294118,0.6892157,0.6215686,0.517647,0.40882355,0.3,0.2882353,0.32254902,0.3617647,0.36372548,0.3647059,0.3647059,0.36764705,0.37058824,0.37254903,0.3735294,0.3754902,0.3754902,0.3764706,0.37843138,0.3754902,0.3754902,0.37058824,0.3745098,0.37941176,0.42058825,0.5245098,0.6343137,0.6333333,0.6784314,0.67156863,0.7313726,0.8147059,0.8088235,0.8117647,0.8176471,0.82254905,0.82549024,0.82941175,0.8401961,0.8519608,0.86078435,0.8647059,0.8666667,0.8666667,0.8715686,0.872549,0.87058824,0.8686274,0.8666667,0.8637255,0.8607843,0.8607843,0.85882354,0.44215685,0.8990196,0.93333334,0.7107843,0.76666665,0.7362745,0.922549,0.38235295,0.37156862,0.75980395,0.85882354,0.85490197,0.85294116,0.8480392,0.84313726,0.83137256,0.8264706,0.8245098,0.82549024,0.82549024,0.82549024,0.6333333,0.5029412,0.34705883,0.4343137,0.6656863,0.8029412,0.827451,0.827451,0.8294118,0.8362745,0.8656863,0.3156863,0.3617647,0.6882353,0.37843138,0.43627453,0.88039213,0.85294116,0.8745098,0.82058823,0.832353,0.5421569,0.7441177,0.8215686,0.6303922,0.8892157,0.62352943,0.8715686,0.8872549,0.83431375,0.8401961,0.3382353,0.32647058,0.30882353,0.31764707,0.3156863,0.3156863,0.4754902,0.49509805,0.5892157,0.5862745,0.61960787,0.57549024,0.40490198,0.40294117,0.40784314,0.40490198,0.40294117,0.4009804,0.40294117,0.40294117,0.4009804,0.4009804,0.40294117,0.4,0.4009804,0.4,0.40294117,0.39705884,0.39509803,0.39313728,0.39019608,0.38333333,0.377451,0.37254903,0.4019608,0.36666667,0.36764705,0.36568627,0.39117646,0.5107843,0.34411764
0.3,0.28529412,0.3647059,0.38137257,0.29215688,0.3745098,0.37941176,0.39215687,0.29215688,0.2784314,0.35000002,0.48235294,0.5147059,0.4490196,0.6392157,0.6245098,0.4911765,0.45392156,0.45,0.4343137,0.43529412,0.4401961,0.44803923,0.39215687,0.39705884,0.44313726,0.55588233,0.48039216,0.34509805,0.41960785,0.4892157,0.4892157,0.5529412,0.61764705,0.60294116,0.5156863,0.6166667,0.44607842,0.32254902,0.33431372,0.43039215,0.5235294,0.67156863,0.6911765,0.6901961,0.69803923,0.7058824,0.4862745,0.4637255,0.48529413,0.48137254,0.49607843,0.42647058,0.5147059,0.47254902,0.28921568,0.26862746,0.527451,0.53627455,0.48137257,0.54117644,0.49019608,0.53137255,0.5852941,0.5372549,0.56078434,0.56470585,0.59313726,0.28921568,0.9098039,0.9166667,0.54019606,0.8656863,0.8666667,0.8666667,0.8617647,0.8568628,0.8480392,0.84313726,0.8392157,0.6450981,0.3745098,0.30882353,0.30882353,0.3107843,0.3137255,0.7176471,0.7980392,0.8009804,0.8039216,0.80490196,0.8009804,0.7990196,0.8,0.8,0.7980392,0.7990196,0.8,0.8,0.80098045,0.80098045,0.8039216,0.8039216,0.80490196,0.8039216,0.8019608,0.8098039,0.3392157,0.32843137,0.7117647,0.80098045,0.8,0.7970588,0.79509807,0.79313725,0.79019606,0.78627455,0.7892157,0.7911765,0.79313725,0.79901963,0.79901963,0.7941176,0.78627455,0.7754902,0.7607843,0.7411765,0.7411765,0.7794118,0.7921569,0.79117644,0.7872549,0.7892157,0.7911765,0.7921569,0.7941176,0.66764706,0.34607843,0.37058824,0.3735294,0.48725492,0.7029412,0.7294118,0.7921569,0.8176471,0.81960785,0.82058823,0.82058823,0.82549024,0.8352941,0.8421569,0.8480392,0.85882354,0.8627451,0.8686274,0.86960787,0.8715686,0.872549,0.8715686,0.87058824,0.86764705,0.8637255,0.8617647,0.2990196,0.42745098,0.527451,0.45392156,0.3656863,0.59411764,0.3872549,0.36078432,0.5637255,0.7156863,0.845098,0.8421569,0.8372549,0.83431375,0.83137256,0.83137256,0.8303922,0.82941175,0.82941175,0.827451,0.82549024,0.5568627,0.50392157,0.32941177,0.51666665,0.73627454,0.80490196,0.82058823,0.82549024,0.8333333,0.8421569,0.40882355,0.35980392,0.35882354,0.3617647,0.41274512,0.4107843,0.5264706,0.8382353,0.8245098,0.71960783,0.68333334,0.8019608,0.76666665,0.8656863,0.67941177,0.5470588,0.8392157,0.877451,0.89607847,0.8450981,0.85588235,0.5352941,0.32941177,0.3,0.3156863,0.3107843,0.31176472,0.26568627,0.49019608,0.5539216,0.58137256,0.5764706,0.59411764,0.6362745,0.6039216,0.732353,0.60882354,0.62352943,0.60392153,0.5529412,0.44803923,0.39411765,0.38627452,0.39117646,0.39313728,0.39117646,0.39117646,0.39117646,0.3872549,0.3872549,0.38431373,0.37941176,0.3764706,0.37254903,0.36960784,0.36764705,0.35784313,0.35686275,0.36764705,0.36078432,0.52549016,0.34019607
0.3009804,0.31960785,0.32647058,0.39117646,0.3754902,0.33235294,0.38235295,0.38627452,0.3735294,0.28921568,0.25,0.28039217,0.52254903,0.627451,0.6431373,0.6392157,0.6343137,0.47058824,0.46764708,0.45294118,0.43333334,0.4401961,0.4284314,0.31470588,0.29117647,0.40686274,0.5058824,0.32352942,0.39313728,0.47058824,0.44509804,0.5147059,0.60294116,0.6107843,0.60588235,0.5686275,0.62352943,0.577451,0.3362745,0.3382353,0.48039216,0.53039217,0.6862745,0.68039215,0.69803923,0.704902,0.70980394,0.48137254,0.42450982,0.25,0.4764706,0.5029412,0.28039217,0.54313725,0.4401961,0.32254902,0.2754902,0.4627451,0.53137255,0.46176472,0.56078434,0.4627451,0.48137254,0.5098039,0.504902,0.49803922,0.5107843,0.5862745,0.6127451,0.8539216,0.7892157,0.5686275,0.8598039,0.8509804,0.85,0.8490196,0.845098,0.8401961,0.83725494,0.8333334,0.527451,0.30588236,0.30392158,0.3107843,0.30882353,0.3254902,0.8029412,0.7980392,0.79313725,0.7980392,0.8,0.7990196,0.8,0.8,0.7990196,0.7980392,0.79509807,0.79607844,0.7990196,0.80098045,0.80098045,0.8039216,0.80490196,0.8058824,0.8068628,0.80784315,0.81470585,0.34019607,0.33333334,0.73137254,0.8058824,0.8029412,0.8029412,0.80098045,0.7970588,0.79509807,0.7921569,0.7941176,0.7941176,0.79509807,0.79607844,0.7970588,0.7970588,0.79607844,0.7970588,0.79607844,0.79509807,0.79509807,0.79509807,0.79509807,0.79509807,0.79509807,0.79313725,0.79313725,0.79509807,0.79509807,0.7970588,0.7980392,0.8019608,0.30784315,0.36764705,0.36078432,0.37843138,0.70882356,0.7176471,0.7529412,0.8254902,0.82549024,0.82941175,0.832353,0.84313726,0.85,0.8598039,0.8666667,0.86960787,0.86764705,0.8666667,0.8647059,0.8656863,0.86764705,0.86764705,0.8656863,0.8627451,0.70686275,0.5470588,0.29509804,0.44803923,0.26666668,0.26960784,0.34411764,0.43039215,0.5627451,0.5372549,0.845098,0.84705883,0.84411764,0.84411764,0.8421569,0.8392157,0.83431375,0.8333334,0.83137256,0.8303922,0.82843137,0.7225491,0.49019608,0.35196078,0.60294116,0.76176476,0.7970588,0.8176471,0.8352941,0.82941175,0.85784316,0.5852941,0.39117646,0.4019608,0.40392157,0.3990196,0.39117646,0.39313728,0.8186275,0.49019608,0.7411765,0.8352941,0.6254902,0.85,0.31764707,0.4107843,0.6921569,0.8392157,0.87058824,0.86960787,0.8647059,0.84607846,0.7362745,0.36666667,0.31470588,0.31862745,0.3137255,0.31470588,0.31764707,0.49019608,0.51666665,0.60294116,0.5980392,0.6156863,0.60882354,0.7764706,0.5264706,0.6009804,0.6362745,0.6098039,0.6009804,0.63725495,0.32254902,0.42156863,0.6284314,0.5529412,0.5764706,0.57058823,0.6058824,0.49019608,0.5421569,0.56960785,0.6735294,0.5205883,0.6166667,0.63431376,0.6372549,0.3392157,0.35196078,0.36568627,0.36862746,0.53627455,0.41274512
0.29705882,0.32352942,0.37843138,0.38431373,0.39607844,0.37843138,0.25,0.36568627,0.3735294,0.35980392,0.28529412,0.48725492,0.4401961,0.64705884,0.6431373,0.6539216,0.6529412,0.58431375,0.46666667,0.46764708,0.44607842,0.44117647,0.43137255,0.34117648,0.30490196,0.39215687,0.38431373,0.31862745,0.41862744,0.5284314,0.5264706,0.4509804,0.5911765,0.60392153,0.58823526,0.61176467,0.61764705,0.6156863,0.34313726,0.43137255,0.56078434,0.60882354,0.6990196,0.672549,0.70392156,0.6990196,0.53039217,0.46764708,0.40784314,0.4617647,0.47745097,0.48725492,0.48333335,0.48137257,0.4343137,0.42058825,0.2764706,0.25588235,0.4862745,0.4656863,0.56666666,0.48921567,0.5117647,0.54607844,0.53137255,0.5656863,0.5715686,0.6019608,0.60882354,0.55,0.53137255,0.527451,0.8539216,0.84313726,0.8392157,0.83725494,0.82843137,0.8235294,0.82549024,0.82058823,0.5480392,0.30784315,0.30686274,0.30980393,0.31176472,0.6098039,0.8068628,0.8029412,0.7990196,0.7980392,0.7980392,0.8,0.8,0.7990196,0.7990196,0.7990196,0.7970588,0.79607844,0.79509807,0.7980392,0.7990196,0.8019608,0.80490196,0.8068628,0.8068628,0.80980396,0.8176471,0.3392157,0.3382353,0.76960784,0.80980396,0.8088235,0.8068628,0.80490196,0.8029412,0.7980392,0.8,0.80098045,0.80098045,0.80098045,0.80098045,0.80098045,0.80098045,0.80098045,0.80098045,0.7990196,0.7990196,0.7990196,0.7990196,0.7990196,0.7980392,0.7980392,0.7970588,0.79509807,0.79509807,0.79509807,0.7970588,0.7980392,0.7980392,0.8009804,0.80588233,0.5382353,0.34411764,0.3480392,0.35882354,0.6343137,0.677451,0.7009804,0.8401961,0.84705883,0.8509804,0.8568628,0.86764705,0.8745098,0.8803922,0.8803922,0.8784314,0.8745098,0.87254906,0.86764705,0.8617647,0.86078435,0.85784316,0.8245098,0.7647059,0.5715686,0.33235294,0.29411766,0.2882353,0.2990196,0.4862745,0.5088235,0.845098,0.84705883,0.845098,0.845098,0.84607846,0.84411764,0.8421569,0.83823526,0.83431375,0.83431375,0.8303922,0.82843137,0.74313724,0.4735294,0.35980392,0.60882354,0.7647059,0.80490196,0.82549024,0.84705883,0.8303922,0.6509804,0.6431373,0.4166667,0.40490198,0.3990196,0.3990196,0.39509803,0.4009804,0.39117646,0.7676471,0.79509807,0.7656863,0.75784314,0.36960787,0.40490198,0.43235296,0.6127451,0.82450986,0.87941176,0.8892157,0.8715687,0.84901965,0.87352943,0.5519608,0.32352942,0.32156864,0.31470588,0.3156863,0.31862745,0.5588235,0.5,0.5490196,0.6107843,0.72745097,0.77254903,0.5764706,0.6215687,0.5803921,0.6156863,0.6039216,0.6137255,0.627451,0.3372549,0.627451,0.5803921,0.54509807,0.5921569,0.5009804,0.50784314,0.5882353,0.60490197,0.56078434,0.55784315,0.5745098,0.62254906,0.6480392,0.6627451,0.377451,0.3509804,0.3480392,0.35588235,0.5009804,0.5137255
0.29803923,0.39117646,0.3735294,0.39215687,0.39313728,0.38039216,0.37843138,0.28921568,0.37058824,0.3892157,0.36960784,0.46862745,0.42352942,0.60392153,0.63529414,0.6392157,0.65686274,0.62254906,0.48235294,0.46862745,0.45588237,0.44803923,0.43333334,0.40392157,0.28921568,0.35980392,0.38137257,0.32156864,0.45,0.5568627,0.49607843,0.477451,0.61764705,0.6,0.54019606,0.627451,0.6098039,0.45490196,0.3382353,0.42941177,0.56078434,0.6343137,0.66764706,0.6450981,0.6960785,0.7107843,0.43333334,0.43333334,0.42352942,0.47352943,0.28627452,0.48039216,0.49901962,0.36862746,0.4754902,0.48529413,0.37156862,0.27156863,0.41470587,0.5,0.5392157,0.5715686,0.5637255,0.5715686,0.58431375,0.582353,0.63235295,0.57941175,0.572549,0.52156866,0.4862745,0.58823526,0.84607846,0.8392157,0.83431375,0.8333334,0.8235294,0.8186275,0.81470585,0.47843137,0.26666668,0.30490196,0.2990196,0.30686274,0.32352942,0.8039216,0.8029412,0.8019608,0.7980392,0.79313725,0.79509807,0.7990196,0.8019608,0.8029412,0.80098045,0.80098045,0.7990196,0.8,0.8,0.7990196,0.80098045,0.8039216,0.80490196,0.8068628,0.8068628,0.8088235,0.8176471,0.33333334,0.33235294,0.78431374,0.8117647,0.8117647,0.8088235,0.8068628,0.8058824,0.79509807,0.8029412,0.80490196,0.8068628,0.8068628,0.8068628,0.8068628,0.8068628,0.8058824,0.8029412,0.80098045,0.80098045,0.80098045,0.7990196,0.7990196,0.7990196,0.7980392,0.7980392,0.7980392,0.7970588,0.7980392,0.7990196,0.8009804,0.8019608,0.8029412,0.8068628,0.8088235,0.8088235,0.7490196,0.32058823,0.36372548,0.3627451,0.5088235,0.732353,0.6813725,0.82549024,0.8686274,0.877451,0.8843137,0.8862745,0.8872549,0.88529414,0.8813726,0.8803922,0.877451,0.877451,0.8745098,0.86960787,0.8686274,0.72156864,0.582353,0.5686275,0.2901961,0.29313725,0.6921569,0.56078434,0.40784314,0.85882354,0.85882354,0.85784316,0.85490197,0.85294116,0.84607846,0.8392157,0.8392157,0.83431375,0.82843137,0.82254905,0.8235294,0.6882353,0.4617647,0.35490197,0.5862745,0.7852941,0.8068628,0.83431375,0.9196079,0.8068628,0.73921573,0.70882356,0.6333333,0.5480392,0.4254902,0.40882355,0.40588236,0.40392157,0.41764706,0.61176467,0.8303922,0.38529414,0.40784314,0.41274512,0.44313726,0.60882354,0.7441177,0.732353,0.87254906,0.8666667,0.8784314,0.8421569,0.7931373,0.64411765,0.44411767,0.31862745,0.31764707,0.31862745,0.32058823,0.49607843,0.49411765,0.5627451,0.7490196,0.6009804,0.59607846,0.6009804,0.6068628,0.6156863,0.59019613,0.6,0.56666666,0.6098039,0.40588236,0.36078432,0.6450981,0.527451,0.51666665,0.53431374,0.60882354,0.57549024,0.50784314,0.5588235,0.5803921,0.71274513,0.59901965,0.6539216,0.6578431,0.7166667,0.34411764,0.3617647,0.36666667,0.37941176,0.51960784
0.29509804,0.33333334,0.3892157,0.35392156,0.38529414,0.38333333,0.37254903,0.3990196,0.32352942,0.3745098,0.39509803,0.38627452,0.5745098,0.59313726,0.6254902,0.64215684,0.66078436,0.6509804,0.48529413,0.47352943,0.4617647,0.45686275,0.45,0.43137255,0.40490198,0.2647059,0.39705884,0.3892157,0.5088235,0.44313726,0.44803923,0.51274514,0.61764705,0.60294116,0.5333333,0.62843144,0.6186274,0.3372549,0.34019607,0.4343137,0.49313727,0.54019606,0.5352941,0.5617647,0.6039216,0.6147059,0.42450982,0.40294117,0.42156863,0.47254902,0.46960786,0.4754902,0.48333335,0.43823528,0.4882353,0.527451,0.5372549,0.27058825,0.25,0.5352941,0.4637255,0.58235294,0.5803921,0.6313726,0.6303922,0.654902,0.6019608,0.46078432,0.5156863,0.4637255,0.46568626,0.5,0.8421569,0.83431375,0.8303922,0.82058823,0.81470585,0.8088235,0.8088235,0.54607844,0.29509804,0.3019608,0.3009804,0.30392158,0.49705884,0.8,0.7990196,0.7970588,0.79509807,0.79607844,0.7970588,0.7990196,0.8,0.8,0.80098045,0.8,0.80098045,0.8,0.7990196,0.7990196,0.7990196,0.80098045,0.8029412,0.8058824,0.8068628,0.8088235,0.8176471,0.33529413,0.32254902,0.80784315,0.70980394,0.8137255,0.8117647,0.81078434,0.8088235,0.79313725,0.80784315,0.8088235,0.8088235,0.8117647,0.8117647,0.8117647,0.8117647,0.80980396,0.80784315,0.8068628,0.8058824,0.8039216,0.8029412,0.80098045,0.80098045,0.7980392,0.7980392,0.7990196,0.8,0.8019608,0.8039216,0.8068628,0.8068628,0.80588233,0.8039216,0.80588233,0.8098039,0.8176471,0.8176471,0.8294118,0.4009804,0.34117648,0.34607843,0.33529413,0.7117647,0.72352946,0.782353,0.8862745,0.8892157,0.89117646,0.89411765,0.89117646,0.8892157,0.8882353,0.8872549,0.8882353,0.8892157,0.8862745,0.84705883,0.53431374,0.3647059,0.6450981,0.8617647,0.8598039,0.8480392,0.5156863,0.86470586,0.8617647,0.8480392,0.8362745,0.83235294,0.8303922,0.82843137,0.82549024,0.82549024,0.82156867,0.8176471,0.7166667,0.5490196,0.38235295,0.41274512,0.6539216,0.7862745,0.81078434,0.84411764,0.87352943,0.79509807,0.6931373,0.6647059,0.62745094,0.7078432,0.67941177,0.5156863,0.46764708,0.4117647,0.30490196,0.3627451,0.35392156,0.40784314,0.4401961,0.46568626,0.6539216,0.8264706,0.83235294,0.55784315,0.8931372,0.89607847,0.87254906,0.84313726,0.85588235,0.65882355,0.61764705,0.30490196,0.31862745,0.32156864,0.31862745,0.25784314,0.48431373,0.6764706,0.4735294,0.5519608,0.60392153,0.59901965,0.6039216,0.6196078,0.6068628,0.5872549,0.59607846,0.61176467,0.6009804,0.33137256,0.54019606,0.5588235,0.58431375,0.58823526,0.5245098,0.5539216,0.56666666,0.55980396,0.6480392,0.6872549,0.5539216,0.65686274,0.66568625,0.7058824,0.45490196,0.35588235,0.35980392,0.36372548,0.5156863
0.29705882,0.3882353,0.39803922,0.3892157,0.38039216,0.39313728,0.377451,0.3882353,0.35882354,0.3735294,0.4009804,0.37058824,0.4284314,0.42941177,0.46960786,0.517647,0.55588233,0.5921569,0.50686276,0.4862745,0.46960786,0.46078432,0.4627451,0.44313726,0.43039215,0.4019608,0.27941176,0.39215687,0.47843137,0.46862745,0.41274512,0.46666667,0.5872549,0.60784316,0.53431374,0.6166667,0.6196078,0.3362745,0.4254902,0.5205883,0.55980396,0.5637255,0.5421569,0.5147059,0.5029412,0.5235294,0.42450982,0.3754902,0.41274512,0.48725492,0.48725492,0.32647058,0.4754902,0.51274514,0.41960785,0.51960784,0.5333333,0.35686275,0.2637255,0.41862744,0.48137254,0.26078433,0.30686274,0.30588236,0.3009804,0.30294117,0.29705882,0.4490196,0.4284314,0.422549,0.4343137,0.46666667,0.71470594,0.8303922,0.8264706,0.81960785,0.8029412,0.8039216,0.69411767,0.39117646,0.29705882,0.30980393,0.2990196,0.30392158,0.8039216,0.7980392,0.7980392,0.7980392,0.7980392,0.7990196,0.7990196,0.7990196,0.8019608,0.8039216,0.8039216,0.8039216,0.8039216,0.8068628,0.8068628,0.80490196,0.8039216,0.8039216,0.80490196,0.80490196,0.8068628,0.81078434,0.81960785,0.32647058,0.31176472,0.7205882,0.49607843,0.8127451,0.8127451,0.8117647,0.8088235,0.80784315,0.81078434,0.8117647,0.8117647,0.8127451,0.8127451,0.8127451,0.8117647,0.8117647,0.8088235,0.8068628,0.8058824,0.8039216,0.80098045,0.80098045,0.8,0.8,0.7990196,0.7980392,0.7990196,0.8009804,0.8009804,0.8009804,0.8029412,0.80588233,0.8117647,0.8156863,0.81960785,0.82058823,0.8176471,0.82254905,0.82549024,0.832353,0.68333334,0.3245098,0.35,0.34117648,0.6480392,0.672549,0.75490195,0.8950981,0.8931373,0.89509803,0.89705884,0.89509803,0.8931372,0.8892157,0.8901961,0.8862745,0.8598039,0.4166667,0.62254906,0.86960787,0.86764705,0.8647059,0.51862746,0.38235295,0.43039215,0.8362745,0.83137256,0.8303922,0.82941175,0.82941175,0.827451,0.827451,0.827451,0.82843137,0.82549024,0.5421569,0.5421569,0.3254902,0.5205883,0.7372549,0.7411765,0.75686276,0.8127451,0.7970588,0.66764706,0.6254902,0.5686275,0.7490196,0.7401961,0.72745097,0.777451,0.44411767,0.29411766,0.31666666,0.4911765,0.32156864,0.41960785,0.5656863,0.7617647,0.85294116,0.84313726,0.73627454,0.6450981,0.83137256,0.8656863,0.87352943,0.85490197,0.84313726,0.70882356,0.654902,0.39607844,0.31862745,0.32058823,0.31862745,0.37843138,0.6872549,0.47156864,0.56078434,0.577451,0.577451,0.577451,0.59019613,0.60784316,0.5745098,0.5882353,0.6039216,0.6166667,0.6539216,0.33431372,0.5627451,0.6392157,0.5372549,0.5352941,0.54313725,0.57941175,0.62352943,0.5921569,0.5764706,0.5686275,0.60882354,0.7107843,0.8686274,0.85784316,0.81960785,0.35784313,0.35980392,0.3627451,0.37058824
0.377451,0.38529414,0.39607844,0.37843138,0.39411765,0.3882353,0.39019608,0.38235295,0.33333334,0.39509803,0.3735294,0.40686274,0.42941177,0.42352942,0.4372549,0.4490196,0.47941178,0.49509805,0.5,0.4892157,0.48333335,0.4745098,0.4764706,0.46862745,0.44607842,0.43333334,0.38137257,0.25784314,0.40784314,0.4009804,0.43823528,0.47352943,0.49509805,0.58431375,0.6166667,0.6186274,0.59313726,0.33235294,0.44509804,0.54117644,0.58431375,0.6254902,0.60882354,0.60882354,0.5715686,0.48529413,0.41274512,0.37058824,0.40784314,0.47352943,0.4862745,0.46764708,0.48725492,0.49607843,0.38529414,0.52254903,0.53627455,0.52254903,0.26568627,0.28137255,0.45784312,0.5539216,0.2617647,0.3009804,0.3009804,0.3009804,0.3009804,0.3,0.44509804,0.4372549,0.40294117,0.42941177,0.44803923,0.76274514,0.8039216,0.7980392,0.95686275,0.95490193,0.51960784,0.30294117,0.3107843,0.30686274,0.2990196,0.35686275,0.8019608,0.79607844,0.79509807,0.80098045,0.80098045,0.8,0.80098045,0.80098045,0.80098045,0.80490196,0.8088235,0.80980396,0.8088235,0.80980396,0.80980396,0.80980396,0.80980396,0.80980396,0.80980396,0.80980396,0.8117647,0.8117647,0.7794118,0.31470588,0.30784315,0.7558824,0.5117647,0.7872549,0.8117647,0.8117647,0.81078434,0.81078434,0.8117647,0.8117647,0.8137255,0.8137255,0.8137255,0.8127451,0.8117647,0.8088235,0.8068628,0.80490196,0.8039216,0.8,0.7990196,0.79607844,0.79509807,0.7970588,0.7980392,0.8,0.8,0.7990196,0.7980392,0.8019608,0.8029412,0.8029412,0.8029412,0.80490196,0.8068628,0.80588233,0.81470585,0.82254905,0.8303922,0.8392157,0.84313726,0.8480392,0.8558824,0.28235295,0.35784313,0.36078432,0.47843137,0.7352941,0.7441176,0.84411764,0.8980392,0.89607847,0.89117646,0.88529414,0.877451,0.86960787,0.45490196,0.38039216,0.72745097,0.8568628,0.85,0.845098,0.7411765,0.79901963,0.5764706,0.83137256,0.8303922,0.8303922,0.8303922,0.8303922,0.83137256,0.8303922,0.83137256,0.83137256,0.8303922,0.677451,0.5235294,0.34019607,0.59607846,0.595098,0.60294116,0.62058824,0.6039216,0.64215684,0.63431376,0.627451,0.6431373,0.6637255,0.7382353,0.7019608,0.49411765,0.64509803,0.34215686,0.85784316,0.6245098,0.5029412,0.5392157,0.83823526,0.8352941,0.7343137,0.82941175,0.8215686,0.7029412,0.845098,0.8745098,0.8843137,0.87058824,0.8117647,0.86470586,0.6431373,0.5852941,0.31666666,0.32156864,0.66764706,0.6911765,0.57450986,0.4970588,0.53431374,0.57843137,0.572549,0.57549024,0.59803927,0.60294116,0.60392153,0.5921569,0.59901965,0.6127451,0.59901965,0.36764705,0.45784315,0.5627451,0.56470585,0.5627451,0.62352943,0.5872549,0.6127451,0.595098,0.6294118,0.6578432,0.87254906,0.8764706,0.8833333,0.86764705,0.8598039,0.47941178,0.32647058,0.3254902,0.34117648
0.36862746,0.39019608,0.35392156,0.38627452,0.39411765,0.38431373,0.3872549,0.3647059,0.32156864,0.38431373,0.37941176,0.44705883,0.4254902,0.4284314,0.41568628,0.44803923,0.46078432,0.4754902,0.4882353,0.4892157,0.4892157,0.4862745,0.477451,0.47352943,0.4627451,0.45,0.42745098,0.3529412,0.30294117,0.39313728,0.45392156,0.45980394,0.46568626,0.44117647,0.5892157,0.6186274,0.35,0.33235294,0.49705884,0.6009804,0.67352945,0.65,0.7029412,0.6666667,0.66862744,0.38235295,0.40686274,0.3529412,0.39313728,0.45686275,0.48137257,0.4892157,0.34411764,0.50392157,0.54019606,0.4519608,0.5333333,0.5137255,0.3,0.2637255,0.3627451,0.5568627,0.5588235,0.27254903,0.3019608,0.3,0.29607844,0.29705882,0.30686274,0.43333334,0.4284314,0.40882355,0.4009804,0.43137255,0.7852941,0.78431374,0.9764706,0.98039216,0.5294118,0.30784315,0.30784315,0.30294117,0.29411766,0.80784315,0.8039216,0.8019608,0.8,0.7990196,0.80098045,0.80098045,0.80098045,0.8029412,0.8039216,0.8058824,0.80980396,0.80980396,0.80980396,0.80980396,0.81078434,0.80980396,0.8117647,0.8117647,0.8117647,0.80588233,0.827451,0.7637255,0.8745098,0.3127451,0.3009804,0.46862745,0.45784312,0.50784314,0.8117647,0.80980396,0.8068628,0.80980396,0.8117647,0.8117647,0.8117647,0.8137255,0.8137255,0.8137255,0.8117647,0.80784315,0.80490196,0.8029412,0.80098045,0.7990196,0.7990196,0.80098045,0.8,0.80098045,0.80098045,0.8,0.80098045,0.8,0.7980392,0.7990196,0.7980392,0.7990196,0.8009804,0.8039216,0.8088235,0.81470585,0.82254905,0.8303922,0.8392157,0.84607846,0.8480392,0.85294116,0.8637255,0.87254906,0.8833333,0.5245098,0.35,0.35196078,0.32647058,0.68529415,0.7147059,0.75196075,0.8745098,0.8627451,0.8598039,0.47254902,0.50196075,0.6313726,0.5980392,0.8372549,0.83431375,0.8333333,0.83137256,0.8333333,0.83137256,0.83137256,0.83235294,0.83137256,0.83235294,0.83431375,0.83431375,0.8362745,0.8362745,0.8362745,0.8362745,0.7519608,0.5009804,0.51274514,0.51666665,0.5421569,0.57843137,0.59705883,0.5627451,0.59705883,0.56470585,0.57843137,0.60490197,0.61960787,0.25,0.30490196,0.39215687,0.6343137,0.5960784,0.7558824,0.6431372,0.6784314,0.7852941,0.8127451,0.7892157,0.8568627,0.80588233,0.84901965,0.8166667,0.8019608,0.88529414,0.8656863,0.8803922,0.8156863,0.8509804,0.6215687,0.6019608,0.49607843,0.767647,0.65686274,0.31862745,0.4882353,0.49411765,0.5470588,0.61372554,0.57941175,0.5921569,0.5892157,0.58431375,0.6068628,0.5852941,0.5852941,0.6107843,0.6215686,0.4911765,0.31960785,0.56470585,0.6333333,0.58235294,0.59705883,0.62647057,0.63823533,0.64215684,0.87352943,0.89117646,0.90392154,0.93529415,0.89607847,0.8901961,0.84607846,0.8019608,0.3254902,0.34019607,0.35490197
0.38137257,0.3872549,0.34019607,0.38137257,0.38333333,0.3735294,0.36862746,0.35588235,0.3647059,0.38431373,0.35196078,0.4009804,0.43137255,0.43137255,0.4284314,0.4372549,0.45392156,0.47843137,0.48235294,0.49705884,0.49313727,0.48039216,0.4892157,0.4627451,0.4764706,0.46960786,0.44509804,0.4284314,0.3156863,0.38039216,0.45588237,0.45784312,0.46470588,0.48333335,0.5009804,0.62941176,0.33333334,0.4137255,0.5588235,0.6343137,0.6911765,0.68529415,0.69215685,0.7205882,0.7166667,0.40588236,0.38039216,0.35,0.37352943,0.4,0.45588237,0.48431373,0.47352943,0.5,0.54117644,0.27941176,0.52254903,0.50784314,0.51666665,0.2647059,0.28431374,0.5617647,0.5568627,0.5441177,0.30980393,0.30490196,0.2990196,0.29803923,0.3009804,0.30686274,0.4343137,0.40294117,0.38431373,0.39313728,0.43529412,0.7872549,0.95490193,0.5382353,0.25784314,0.3019608,0.30686274,0.30686274,0.25,0.8019608,0.8039216,0.8019608,0.7990196,0.7990196,0.8,0.8019608,0.8029412,0.80098045,0.8019608,0.80490196,0.80784315,0.8117647,0.8117647,0.8117647,0.8117647,0.8117647,0.8127451,0.80784315,0.8235294,0.81372553,0.83137256,0.8039216,0.8303921,0.3137255,0.29607844,0.47156864,0.4911765,0.4882353,0.8088235,0.8068628,0.78137255,0.80784315,0.8088235,0.8088235,0.8117647,0.8127451,0.8127451,0.8137255,0.8117647,0.8088235,0.8058824,0.80490196,0.8039216,0.8029412,0.8039216,0.8029412,0.80098045,0.8,0.80098045,0.7990196,0.7980392,0.79509807,0.79313725,0.7970588,0.8,0.8039216,0.8039216,0.8068628,0.8117647,0.81470585,0.82058823,0.82549024,0.8333334,0.8421569,0.85294116,0.8617647,0.86764705,0.8666667,0.87058824,0.8803922,0.8784314,0.7882353,0.30588236,0.3509804,0.34117648,0.63529414,0.677451,0.6539216,0.43529412,0.49313727,0.8333333,0.5117647,0.6960784,0.83137256,0.83137256,0.83137256,0.83137256,0.83431375,0.83431375,0.8362745,0.8362745,0.8372549,0.8392157,0.83823526,0.8392157,0.8362745,0.8362745,0.8392157,0.8421569,0.6647059,0.5862745,0.5588235,0.5588235,0.56666666,0.61372554,0.55980396,0.57549024,0.5676471,0.5647059,0.61764705,0.5137255,0.30392158,0.3019608,0.5568627,0.8480392,0.50784314,0.5901961,0.4852941,0.73333335,0.8764706,0.35686275,0.7941177,0.8176471,0.8137255,0.84901965,0.84411764,0.8362745,0.6313726,0.8686274,0.8568628,0.8833333,0.84411764,0.84411764,0.62745094,0.6343137,0.7647059,0.45490196,0.3156863,0.31764707,0.2784314,0.4862745,0.5323529,0.6019608,0.57843137,0.5872549,0.59607846,0.5882353,0.5892157,0.6098039,0.56960785,0.8901961,0.74215686,0.69803923,0.2990196,0.63235295,0.59313726,0.58137256,0.6245098,0.6696079,0.87058824,0.85490197,0.8598039,0.8872549,0.9009804,0.9009804,0.87352943,0.83137256,0.827451,0.35784313,0.34215686,0.33529413,0.3382353
0.40392157,0.4,0.377451,0.4009804,0.40784314,0.35686275,0.35882354,0.3480392,0.37843138,0.38431373,0.36372548,0.43137255,0.42450982,0.4254902,0.4284314,0.43627453,0.4509804,0.46960786,0.46960786,0.4911765,0.49411765,0.5009804,0.49509805,0.4754902,0.4617647,0.47352943,0.45882353,0.44803923,0.4401961,0.4617647,0.48137257,0.4627451,0.47058824,0.49019608,0.49509805,0.55784315,0.3362745,0.4284314,0.5803921,0.62745094,0.7058824,0.6862745,0.69019604,0.70882356,0.70392156,0.4019608,0.37941176,0.36960787,0.36764705,0.38627452,0.42941177,0.477451,0.49509805,0.5901961,0.54607844,0.5480392,0.48529413,0.49215686,0.52254903,0.26764706,0.2617647,0.377451,0.55980396,0.55490196,0.34117648,0.30882353,0.30686274,0.30294117,0.29803923,0.3009804,0.31764707,0.41960785,0.38235295,0.38529414,0.4019608,0.38137257,0.95000005,0.50392157,0.29705882,0.3009804,0.2990196,0.30686274,0.7852941,0.79509807,0.7970588,0.79509807,0.79607844,0.7990196,0.7990196,0.8019608,0.80490196,0.8058824,0.80980396,0.81764704,0.8264706,0.8333334,0.8352941,0.8333333,0.777451,0.73039216,0.7294118,0.80196077,0.8029412,0.7539216,0.75,0.7588235,0.7441177,0.30784315,0.30784315,0.5029412,0.4117647,0.5137255,0.8147059,0.8068628,0.8009804,0.8068628,0.8088235,0.8117647,0.8117647,0.8117647,0.8117647,0.8117647,0.8117647,0.8117647,0.81078434,0.80980396,0.80980396,0.80980396,0.80980396,0.8088235,0.8068628,0.8058824,0.8039216,0.80098045,0.7990196,0.7990196,0.7970588,0.7970588,0.7990196,0.8,0.8,0.8019608,0.8039216,0.8088235,0.8137255,0.8166667,0.8176471,0.8235294,0.83725494,0.8392157,0.8509804,0.85588235,0.85882354,0.85294116,0.84313726,0.8362745,0.8333333,0.8421569,0.4117647,0.35686275,0.35196078,0.43627453,0.5911765,0.56470585,0.81666666,0.83137256,0.8303922,0.83235294,0.8333333,0.83431375,0.83431375,0.8352941,0.8392157,0.8392157,0.8392157,0.8392157,0.84019613,0.84019613,0.8392157,0.8362745,0.83431375,0.83431375,0.68333334,0.61176467,0.72450984,0.5862745,0.5666667,0.5588235,0.5911765,0.60294116,0.5627451,0.6303922,0.5470588,0.3,0.30784315,0.28627452,0.8598039,0.88039213,0.8745098,0.3127451,0.6362745,0.80784315,0.79509807,0.79313725,0.8058824,0.45980394,0.8117647,0.8352941,0.9460784,0.8598039,0.73627454,0.5686275,0.84901965,0.8627451,0.8686274,0.8362745,0.8411765,0.6980392,0.72843134,0.5519608,0.6333333,0.31470588,0.31176472,0.3107843,0.51960784,0.5137255,0.6068628,0.595098,0.5627451,0.5872549,0.59411764,0.5921569,0.5852941,0.59019613,0.5980392,0.35784313,0.5539216,0.6931373,0.72745097,0.74215686,0.78333336,0.85882354,0.8666667,0.81960785,0.7970588,0.8411765,0.8666667,0.88529414,0.8647059,0.84705883,0.2901961,0.32647058,0.32058823,0.3392157,0.32843137,0.33039215
0.39705884,0.39313728,0.38431373,0.39117646,0.38039216,0.35686275,0.36568627,0.32843137,0.38235295,0.34509805,0.4372549,0.42745098,0.43333334,0.4284314,0.4343137,0.44215685,0.43627453,0.46862745,0.47941178,0.47843137,0.49803922,0.49803922,0.50392157,0.477451,0.47352943,0.46568626,0.46862745,0.45980394,0.45686275,0.46960786,0.47156864,0.46568626,0.44607842,0.46764708,0.48039216,0.42941177,0.3382353,0.47941178,0.5980392,0.65686274,0.7107843,0.6901961,0.67941177,0.6813725,0.6303922,0.41568628,0.3764706,0.38529414,0.36078432,0.35980392,0.3745098,0.47156864,0.49313727,0.5803922,0.40392157,0.47058824,0.35686275,0.46960786,0.56960785,0.4862745,0.26666668,0.2882353,0.5539216,0.5058824,0.3392157,0.3019608,0.29607844,0.3,0.29607844,0.29803923,0.3,0.31764707,0.40490198,0.38431373,0.35588235,0.3362745,0.38333333,0.35,0.30784315,0.30588236,0.2990196,0.27254903,0.79313725,0.79019606,0.79019606,0.7872549,0.79313725,0.79607844,0.80098045,0.8029412,0.8058824,0.8127451,0.822549,0.8333334,0.8421569,0.82254905,0.6990196,0.7852941,0.74705887,0.7696079,0.72450984,0.80490196,0.8127451,0.7254902,0.7205882,0.76960784,0.7647059,0.30882353,0.3127451,0.2647059,0.3254902,0.5764706,0.5745098,0.81764704,0.81666666,0.822549,0.8264706,0.82843137,0.82843137,0.82549024,0.82058823,0.8156863,0.8117647,0.8117647,0.8117647,0.8117647,0.8117647,0.81078434,0.80980396,0.80980396,0.80980396,0.8088235,0.8039216,0.8029412,0.80098045,0.80098045,0.80098045,0.7990196,0.7970588,0.7990196,0.8019608,0.8,0.7990196,0.7980392,0.8,0.8068628,0.8098039,0.82156867,0.83137256,0.8421569,0.8490196,0.8401961,0.8362745,0.8362745,0.83137256,0.82843137,0.82843137,0.82549024,0.8264706,0.82843137,0.66764706,0.34019607,0.35392156,0.33333334,0.63725495,0.6127451,0.7745098,0.83235294,0.83431375,0.8372549,0.8411765,0.84313726,0.84411764,0.8421569,0.8392157,0.8392157,0.8392157,0.8352941,0.83431375,0.8333334,0.74803925,0.7990196,0.53137255,0.6,0.6245098,0.6186274,0.6156863,0.61764705,0.5137255,0.4754902,0.6921569,0.32058823,0.31764707,0.29215688,0.41764706,0.8509804,0.8617647,0.8686274,0.85588235,0.75490195,0.7911765,0.8186275,0.8,0.7892157,0.79509807,0.41862744,0.85588235,0.75392157,0.5862745,0.82549024,0.85490197,0.6862745,0.82843137,0.85490197,0.8784314,0.85490197,0.80490196,0.7754902,0.6127451,0.5921569,0.70000005,0.3754902,0.30882353,0.30882353,0.59803927,0.5029412,0.5284314,0.60784316,0.5882353,0.57549024,0.58823526,0.58137256,0.5745098,0.59705883,0.62647057,0.5715686,0.59901965,0.4284314,0.5676471,0.7754902,0.79509807,0.8156863,0.77941173,0.8009804,0.86764705,0.8117647,0.8745098,0.75490195,0.30686274,0.34117648,0.327451,0.34117648,0.3254902,0.32058823,0.32843137,0.33431372
0.3990196,0.31862745,0.40392157,0.37941176,0.37058824,0.37058824,0.38137257,0.3245098,0.39117646,0.38529414,0.44313726,0.4284314,0.43333334,0.4490196,0.43235296,0.44509804,0.44607842,0.45392156,0.46568626,0.48333335,0.4892157,0.49215686,0.49803922,0.49705884,0.5372549,0.4754902,0.4764706,0.47254902,0.45686275,0.47058824,0.46568626,0.4745098,0.42745098,0.46764708,0.47254902,0.3254902,0.34901962,0.5029412,0.6421569,0.7029412,0.7078431,0.6843138,0.65686274,0.69509804,0.4009804,0.40392157,0.38431373,0.3764706,0.36764705,0.35196078,0.54117644,0.5960784,0.6186274,0.63725495,0.6529412,0.65686274,0.64117646,0.6,0.49509805,0.45490196,0.47941178,0.4911765,0.48725492,0.41862744,0.3156863,0.25,0.28235295,0.44411767,0.29411766,0.29215688,0.29509804,0.29705882,0.31960785,0.4009804,0.35882354,0.32254902,0.34705883,0.31176472,0.31176472,0.30588236,0.30392158,0.30294117,0.732353,0.78431374,0.78627455,0.7852941,0.7892157,0.7921569,0.80098045,0.80980396,0.81764704,0.82941175,0.7058824,0.68921566,0.732353,0.7529412,0.81078434,0.7529412,0.7470588,0.70980394,0.8147059,0.7823529,0.7166667,0.8088235,0.8156863,0.74705887,0.7529412,0.30490196,0.32254902,0.28039217,0.26960784,0.58137256,0.51862746,0.83235294,0.8382353,0.84705883,0.85,0.8519608,0.85294116,0.8519608,0.84901965,0.8382353,0.8264706,0.8156863,0.8117647,0.8127451,0.81666666,0.82058823,0.822549,0.82058823,0.8156863,0.8068628,0.8039216,0.8019608,0.8029412,0.80098045,0.7980392,0.7990196,0.8039216,0.8039216,0.7990196,0.7852941,0.7852941,0.79313725,0.7941176,0.7872549,0.7990196,0.8127451,0.82254905,0.82549024,0.827451,0.82156867,0.82254905,0.8235294,0.8235294,0.8235294,0.8235294,0.82549024,0.82549024,0.82549024,0.82549024,0.82549024,0.8039216,0.2882353,0.36078432,0.3392157,0.54901963,0.7147059,0.71960783,0.8362745,0.8352941,0.8411765,0.8421569,0.8392157,0.8362745,0.8362745,0.83431375,0.83137256,0.8137255,0.5656863,0.70882356,0.61176467,0.82549024,0.8264706,0.5245098,0.73921573,0.6372549,0.7362745,0.6490196,0.46862745,0.32254902,0.32156864,0.5323529,0.82058823,0.84901965,0.87647057,0.8666667,0.79019606,0.78431374,0.7735294,0.75,0.7852941,0.8009804,0.78333336,0.8068627,0.7823529,0.38235295,0.77745104,0.8392157,0.77254903,0.845098,0.8019608,0.81078434,0.85882354,0.8637255,0.75490195,0.6450981,0.8362745,0.64117646,0.6107843,0.6490196,0.5803921,0.28137255,0.29607844,0.45392156,0.5009804,0.5441177,0.60882354,0.57941175,0.59313726,0.5676471,0.5686275,0.5764706,0.6166667,0.6,0.61764705,0.6666667,0.7264706,0.78039217,0.7852941,0.80490196,0.8333334,0.82058823,0.8039216,0.8235294,0.82450986,0.31470588,0.33529413,0.33333334,0.35686275,0.33039215,0.31960785,0.31960785,0.3009804,0.30588236,0.55490196
0.39509803,0.39313728,0.4117647,0.40882355,0.35196078,0.36862746,0.37058824,0.3735294,0.3990196,0.38235295,0.4490196,0.4392157,0.44509804,0.4401961,0.44215685,0.43823528,0.44117647,0.4519608,0.46960786,0.47843137,0.4892157,0.49803922,0.5009804,0.49901962,0.6058824,0.5892157,0.47352943,0.4754902,0.47254902,0.46470588,0.47058824,0.46764708,0.39607844,0.46862745,0.4637255,0.33333334,0.43333334,0.58235294,0.65588236,0.70882356,0.7107843,0.7009804,0.6784314,0.6647059,0.40980393,0.40686274,0.39019608,0.38627452,0.3656863,0.46470588,0.57549024,0.627451,0.6421569,0.6647059,0.6578431,0.6509804,0.6,0.5029412,0.44117647,0.5117647,0.5960784,0.6598039,0.6745098,0.6931373,0.6862745,0.6529412,0.62254906,0.60882354,0.4107843,0.2882353,0.28627452,0.29313725,0.28627452,0.3245098,0.39215687,0.31764707,0.33431372,0.29705882,0.30294117,0.3,0.2764706,0.25,0.25,0.72156864,0.77156866,0.777451,0.78431374,0.7892157,0.6960784,0.61372554,0.6911765,0.6578431,0.7401961,0.7676471,0.8156863,0.7382353,0.73333335,0.7941177,0.72450984,0.8039216,0.83823526,0.74509805,0.7588235,0.7019608,0.78137255,0.7617647,0.4519608,0.3127451,0.3245098,0.28235295,0.3617647,0.50196075,0.5009804,0.8235294,0.85490197,0.8598039,0.8607843,0.8607843,0.8607843,0.85882354,0.85882354,0.8598039,0.85588235,0.84705883,0.84313726,0.8411765,0.8450981,0.85,0.84901965,0.84705883,0.8392157,0.827451,0.8117647,0.80490196,0.80098045,0.7990196,0.79509807,0.79509807,0.7980392,0.79509807,0.79019606,0.7784314,0.7735294,0.7754902,0.7784314,0.7784314,0.7784314,0.782353,0.7852941,0.79313725,0.7990196,0.8019608,0.80980396,0.8147059,0.81960785,0.82254905,0.8235294,0.8235294,0.8235294,0.8215686,0.82058823,0.81960785,0.81960785,0.82058823,0.8264706,0.50196075,0.34901962,0.3480392,0.41960785,0.7137255,0.6676471,0.82254905,0.83137256,0.83137256,0.8303922,0.82549024,0.82058823,0.7558824,0.6921569,0.7382353,0.7598039,0.74803925,0.6862745,0.6892157,0.7029412,0.67941177,0.6137255,0.6068628,0.30490196,0.32352942,0.31666666,0.49901962,0.6333333,0.84607846,0.84411764,0.8156863,0.7558824,0.71176475,0.7509804,0.8068628,0.7882353,0.76666665,0.8039216,0.7823529,0.7754902,0.43235296,0.28431374,0.8088235,0.79901963,0.8647059,0.7284314,0.69509804,0.6931373,0.8509804,0.79509807,0.6284314,0.76862746,0.7656863,0.5833334,0.5735294,0.6186274,0.6196078,0.89705884,0.93235296,0.65882355,0.49411765,0.5245098,0.59803927,0.5617647,0.58431375,0.5686275,0.58235294,0.57843137,0.60588235,0.7254902,0.74509805,0.6843138,0.78333336,0.8029412,0.8303921,0.86764705,0.8480392,0.93039215,0.7156863,0.32843137,0.32941177,0.327451,0.32156864,0.34411764,0.3137255,0.32843137,0.30588236,0.30882353,0.3627451,0.8303922,0.8068628
0.37843138,0.40392157,0.4009804,0.39019608,0.36568627,0.36862746,0.36764705,0.39019608,0.40784314,0.4372549,0.4490196,0.4490196,0.4401961,0.4401961,0.44313726,0.4509804,0.44313726,0.44215685,0.4519608,0.47254902,0.4892157,0.48725492,0.5029412,0.5352941,0.64705884,0.6431372,0.5627451,0.47156864,0.48529413,0.47058824,0.47352943,0.44803923,0.45980394,0.46960783,0.4617647,0.32941177,0.44313726,0.5921569,0.6186274,0.68529415,0.6735294,0.65588236,0.6039216,0.53039217,0.4166667,0.39117646,0.39705884,0.39509803,0.36666667,0.45490196,0.54313725,0.5637255,0.5901961,0.60392153,0.6039216,0.5852941,0.52156866,0.4490196,0.4911765,0.5872549,0.6872549,0.6735294,0.66176474,0.64509803,0.62647057,0.59901965,0.5588235,0.5088235,0.49705884,0.33333334,0.29117647,0.29313725,0.29411766,0.29411766,0.33431372,0.3754902,0.2882353,0.29411766,0.3,0.30392158,0.7607843,0.9637255,0.9911765,0.9901961,0.77156866,0.7754902,0.7823529,0.6813726,0.60294116,0.65882355,0.732353,0.7656863,0.68333334,0.7794118,0.7921569,0.7254902,0.7852941,0.7137255,0.8088235,0.7107843,0.7156863,0.6921569,0.70980394,0.78137255,0.75980395,0.55980396,0.5029412,0.31470588,0.33137256,0.39117646,0.43823528,0.3127451,0.5686275,0.6931373,0.87058824,0.8745098,0.87647057,0.87647057,0.8745098,0.8745098,0.8745098,0.8715686,0.8686274,0.8666667,0.8656863,0.8627451,0.8627451,0.8607843,0.85588235,0.85,0.84411764,0.84019613,0.82941175,0.8147059,0.80098045,0.7921569,0.7872549,0.7852941,0.79019606,0.7882353,0.78431374,0.7784314,0.76960784,0.78333336,0.7882353,0.78431374,0.78431374,0.7892157,0.79019606,0.79313725,0.8,0.8039216,0.81078434,0.81666666,0.81960785,0.82254905,0.82058823,0.81960785,0.81960785,0.82058823,0.81960785,0.81960785,0.82058823,0.8215686,0.8245098,0.82843137,0.82843137,0.7529412,0.33039215,0.35686275,0.36372548,0.6352941,0.6735294,0.77254903,0.81764704,0.7911765,0.7460785,0.7264706,0.6823529,0.5568627,0.5,0.7401961,0.70980394,0.80980396,0.8745098,0.7490196,0.4401961,0.31764707,0.28235295,0.6784314,0.4117647,0.3509804,0.62745094,0.82254905,0.7441177,0.7382353,0.74803925,0.75686276,0.8098039,0.7441177,0.75392157,0.7872549,0.7852941,0.62254906,0.41960785,0.2901961,0.6137255,0.7970588,0.81960785,0.7176471,0.6450981,0.6156863,0.7735294,0.84019613,0.80490196,0.845098,0.7911765,0.7372549,0.5372549,0.5098039,0.5470588,0.6068628,0.8617647,1.0,0.9284314,0.51862746,0.50392157,0.5627451,0.59705883,0.5862745,0.57941175,0.6117647,0.7294118,0.7656863,0.7107843,0.74607843,0.7166667,0.87058824,0.9254902,0.9509804,0.9470588,0.65588236,0.32352942,0.32058823,0.31666666,0.30980393,0.34019607,0.30980393,0.32254902,0.31764707,0.30784315,0.25,0.7892157,0.8333334,0.87058824,0.7921569
0.3509804,0.4117647,0.38039216,0.3627451,0.37058824,0.37254903,0.2990196,0.40882355,0.34117648,0.45588237,0.44705883,0.4509804,0.45392156,0.45,0.44215685,0.44705883,0.44313726,0.44607842,0.44705883,0.45784312,0.4754902,0.4892157,0.49705884,0.6156863,0.65000004,0.65882355,0.654902,0.5382353,0.48333335,0.47843137,0.47352943,0.34607843,0.45686275,0.45588237,0.35882354,0.33039215,0.422549,0.5382353,0.527451,0.5637255,0.59411764,0.58431375,0.5284314,0.3764706,0.4166667,0.39019608,0.39117646,0.39705884,0.38039216,0.4107843,0.46666667,0.4911765,0.49411765,0.51274514,0.5058824,0.46666667,0.2990196,0.38529414,0.48039216,0.57549024,0.61176467,0.6156863,0.6294118,0.59313726,0.5568627,0.43333334,0.3617647,0.27745098,0.2764706,0.2735294,0.29411766,0.28921568,0.2901961,0.29313725,0.29117647,0.3245098,0.31176472,0.2882353,0.29509804,0.30784315,0.78431374,0.8931373,0.9705882,0.9882353,0.7235294,0.78039217,0.7921569,0.6843138,0.64607847,0.70686275,0.7294118,0.677451,0.6862745,0.73039216,0.78333336,0.7588235,0.7029412,0.65882355,0.67254907,0.2647059,0.6843138,0.6656863,0.58235294,0.70686275,0.75686276,0.47843137,0.28137255,0.3127451,0.32941177,0.42156863,0.55980396,0.55,0.57058823,0.4509804,0.88529414,0.88823533,0.88823533,0.8872549,0.88823533,0.8872549,0.8872549,0.88431376,0.8813726,0.8813726,0.8803922,0.8794118,0.87647057,0.8745098,0.86960787,0.8607843,0.8519608,0.8450981,0.8372549,0.822549,0.8029412,0.7872549,0.77843136,0.77254903,0.7705883,0.7735294,0.78137255,0.7872549,0.79509807,0.7970588,0.7970588,0.79607844,0.79509807,0.79607844,0.8,0.80098045,0.80098045,0.80098045,0.8058824,0.8117647,0.81666666,0.81960785,0.82058823,0.81960785,0.81960785,0.81960785,0.81960785,0.81764704,0.81960785,0.81960785,0.81764704,0.81764704,0.81764704,0.81764704,0.81764704,0.82254905,0.39313728,0.38627452,0.40784314,0.5392157,0.7137255,0.72450984,0.6784314,0.62843144,0.75,0.74803925,0.68921566,0.67941177,0.62254906,0.5715686,0.3990196,0.30686274,0.30686274,0.5686275,0.65098035,0.4019608,0.34411764,0.38627452,0.73627454,0.7137255,0.7470588,0.7411765,0.76274514,0.754902,0.7411765,0.7637255,0.7794118,0.727451,0.42352942,0.55588233,0.5872549,0.6333333,0.5686275,0.5421569,0.68529415,0.5764706,0.6931373,0.827451,0.85294116,0.8421569,0.83431375,0.8009804,0.52156866,0.7911765,0.78333336,0.62254906,0.5735294,0.49901962,0.4862745,0.9401961,0.9431373,0.5911765,0.50196075,0.5235294,0.58235294,0.5745098,0.7343137,0.677451,0.74607843,0.8039216,0.83235294,0.87647057,0.9039216,0.95490193,0.9382353,0.49607843,0.31764707,0.32058823,0.31960785,0.30490196,0.3127451,0.3156863,0.31666666,0.32156864,0.30392158,0.3009804,0.672549,0.72450984,0.7882353,0.85,0.80196077,0.25
0.39117646,0.40686274,0.40980393,0.35392156,0.38039216,0.38137257,0.377451,0.40588236,0.38431373,0.4617647,0.44705883,0.44803923,0.44803923,0.44509804,0.44411767,0.44607842,0.44313726,0.4490196,0.4519608,0.45490196,0.47843137,0.4862745,0.49411765,0.59313726,0.6607843,0.654902,0.67058825,0.6450981,0.517647,0.48529413,0.4745098,0.3990196,0.4764706,0.4637255,0.327451,0.35392156,0.5205883,0.5901961,0.5470588,0.46862745,0.46666667,0.42352942,0.34313726,0.4401961,0.44313726,0.39411765,0.38529414,0.39117646,0.39313728,0.31862745,0.27450982,0.27941176,0.2784314,0.2784314,0.28039217,0.27941176,0.28627452,0.2901961,0.28921568,0.2872549,0.2901961,0.28921568,0.29607844,0.3254902,0.30392158,0.2990196,0.29803923,0.29411766,0.28921568,0.28627452,0.28431374,0.28529412,0.2872549,0.28333333,0.28137255,0.28627452,0.33529413,0.29313725,0.29117647,0.31470588,0.66568625,0.8647059,0.9411765,0.9137255,0.26862746,0.79803926,0.59803927,0.68921566,0.68921566,0.70980394,0.6627451,0.6401961,0.7147059,0.7313726,0.72058827,0.65588236,0.3245098,0.3529412,0.3764706,0.54313725,0.6539216,0.6529412,0.5833334,0.67941177,0.44313726,0.33039215,0.30686274,0.30980393,0.33431372,0.27254903,0.25980392,0.4401961,0.45784312,0.517647,0.89411765,0.8931372,0.86764705,0.89117646,0.89117646,0.89117646,0.88823533,0.8872549,0.8862745,0.8872549,0.88823533,0.88431376,0.8794118,0.872549,0.8715686,0.86960787,0.8637255,0.85490197,0.84705883,0.8362745,0.8186275,0.8,0.7823529,0.7735294,0.78137255,0.7921569,0.7970588,0.7970588,0.7980392,0.8029412,0.8039216,0.8029412,0.7980392,0.7980392,0.80098045,0.8029412,0.8058824,0.80098045,0.79509807,0.7970588,0.8019608,0.8088235,0.8117647,0.8117647,0.8117647,0.80980396,0.8088235,0.8088235,0.8088235,0.8088235,0.80784315,0.8088235,0.8068627,0.80490196,0.8039216,0.80588233,0.8117647,0.82058823,0.57843137,0.6931373,0.62254906,0.8039216,0.8333334,0.7617647,0.7401961,0.62254906,0.70686275,0.61274517,0.7215686,0.25,0.30392158,0.30980393,0.59313726,0.7117647,0.7294118,0.6127451,0.60784316,0.7029412,0.7676471,0.7764706,0.7343137,0.74803925,0.7460785,0.77156866,0.7882353,0.79509807,0.25,0.29215688,0.32352942,0.54607844,0.8372549,0.7205882,0.6696079,0.5764706,0.35392156,0.76862746,0.9009804,0.69803923,0.8607843,0.8813726,0.5156863,0.72156864,1.0,0.79313725,0.8450981,0.63823533,0.57941175,0.6098039,0.6068628,0.8892157,1.0,0.922549,0.4970588,0.5352941,0.7470588,0.7941177,0.7911765,0.8009804,0.81960785,0.81666666,0.94215685,0.9431373,0.93529415,0.35490197,0.32941177,0.3127451,0.32647058,0.34705883,0.31764707,0.3372549,0.30980393,0.3156863,0.3019608,0.29803923,0.5627451,0.74313724,0.79019606,0.82058823,0.8,0.25,0.7754902,0.7254902
0.3872549,0.40588236,0.4009804,0.35686275,0.39411765,0.37843138,0.39117646,0.39411765,0.46078432,0.4519608,0.45588237,0.4509804,0.45,0.45686275,0.4490196,0.44803923,0.4519608,0.44607842,0.4519608,0.4617647,0.46764708,0.4754902,0.48431373,0.5470588,0.6539216,0.6450981,0.6696079,0.6401961,0.6294118,0.49607843,0.4745098,0.47254902,0.47941178,0.45784312,0.327451,0.42352942,0.54607844,0.577451,0.51960784,0.45294118,0.3617647,0.36666667,0.4490196,0.43627453,0.4509804,0.38627452,0.4009804,0.3990196,0.3872549,0.36372548,0.33235294,0.36960787,0.40392157,0.42941177,0.46568626,0.4764706,0.42647058,0.39117646,0.3,0.29215688,0.28039217,0.26078433,0.28431374,0.2901961,0.29117647,0.29411766,0.2901961,0.29117647,0.29117647,0.28627452,0.2872549,0.29215688,0.28333333,0.28333333,0.28137255,0.28235295,0.28333333,0.31960785,0.29803923,0.30784315,0.2754902,0.45980394,0.5421569,0.64215684,0.31470588,0.74607843,0.7107843,0.69215685,0.77450985,0.77156866,0.67156863,0.6764706,0.6637255,0.477451,0.30588236,0.39803922,0.62647057,0.5617647,0.55784315,0.59901965,0.6519608,0.25,0.27058825,0.40980393,0.5147059,0.30294117,0.30294117,0.31176472,0.32647058,0.37941176,0.48039216,0.47058824,0.45686275,0.4911765,0.53039217,0.52156866,0.25,0.89607847,0.89607847,0.8931373,0.89117646,0.89117646,0.89117646,0.8931373,0.89215684,0.8872549,0.88235295,0.8754902,0.87352943,0.872549,0.86764705,0.85882354,0.8480392,0.84019613,0.83137256,0.82058823,0.8039216,0.7980392,0.7980392,0.8029412,0.80490196,0.80098045,0.7941177,0.7941177,0.8,0.80098045,0.79901963,0.7970588,0.7970588,0.7941177,0.78431374,0.7705883,0.7735294,0.78039217,0.7852942,0.79313725,0.8,0.8009804,0.8009804,0.8009804,0.80196077,0.80490196,0.8068627,0.80784315,0.80980396,0.80980396,0.8088235,0.8088235,0.8127451,0.81666666,0.59411764,0.70490193,0.6843137,0.76960784,0.74705887,0.72058827,0.6441177,0.69509804,0.732353,0.72745097,0.7382353,0.4627451,0.3127451,0.3127451,0.4401961,0.3882353,0.4009804,0.75980395,0.7911765,0.7519608,0.7794118,0.79313725,0.7372549,0.7431373,0.7313726,0.75784314,0.7754902,0.7882353,0.42745098,0.2872549,0.25,0.85,0.6539216,0.6284314,0.70686275,0.5764706,0.49411765,0.5588235,0.5372549,0.57941175,0.72058827,0.89411765,0.5235294,0.65882355,0.96960783,0.9470588,0.90392154,0.69803923,0.6970588,0.65588236,0.6392157,0.64411765,0.68529415,0.76176476,0.85784316,0.827451,0.61764705,0.71862745,0.77254903,0.7882353,0.8215686,0.8745098,0.92156863,0.9019608,0.9039216,0.25,0.32058823,0.30882353,0.2901961,0.41764706,0.3754902,0.35588235,0.31470588,0.30882353,0.3019608,0.29803923,0.25392157,0.77156866,0.79313725,0.83235294,0.627451,0.55588233,0.7519608,0.7156863,0.6970588,0.70980394
0.38627452,0.38039216,0.4,0.40588236,0.39607844,0.30294117,0.37058824,0.31470588,0.45882353,0.46470588,0.45490196,0.4519608,0.4509804,0.45392156,0.45,0.44607842,0.45490196,0.44607842,0.44117647,0.45294118,0.45686275,0.4745098,0.4754902,0.50392157,0.6529412,0.65000004,0.66176474,0.654902,0.64705884,0.60784316,0.45882353,0.4735294,0.46862745,0.4509804,0.32941177,0.4254902,0.5088235,0.56666666,0.504902,0.33333334,0.3362745,0.4284314,0.52254903,0.44705883,0.44117647,0.377451,0.40980393,0.39313728,0.39117646,0.38137257,0.35588235,0.35588235,0.39411765,0.41470587,0.46960786,0.5147059,0.5245098,0.5245098,0.39411765,0.36862746,0.4009804,0.46764708,0.31764707,0.3156863,0.3,0.30980393,0.5156863,0.57941175,0.44117647,0.46666667,0.52254903,0.7441177,0.5352941,0.2754902,0.3137255,0.35,0.33333334,0.29803923,0.33137256,0.29607844,0.30490196,0.30686274,0.3137255,0.32254902,0.2901961,0.25,0.74803925,0.72450984,0.67058825,0.68333334,0.65686274,0.25,0.2735294,0.40490198,0.5137255,0.5764706,0.56960785,0.57549024,0.51862746,0.30686274,0.30686274,0.3509804,0.29411766,0.37156862,0.30980393,0.35980392,0.49411765,0.3107843,0.32843137,0.5392157,0.9,0.52156866,0.5392157,0.46862745,0.25,0.3627451,0.9039216,0.9009804,0.9019608,0.9019608,0.9039216,0.9019608,0.9009804,0.90000004,0.8980392,0.8990196,0.8980392,0.8950981,0.88823533,0.88235295,0.87058824,0.85882354,0.84705883,0.84019613,0.8372549,0.83137256,0.822549,0.80980396,0.8039216,0.8029412,0.8039216,0.8068628,0.80490196,0.80098045,0.7980392,0.7921569,0.77843136,0.7637255,0.75686276,0.7676471,0.77843136,0.77843136,0.7794118,0.78333336,0.7872549,0.7921569,0.79509807,0.7980392,0.80196077,0.8068627,0.80980396,0.81372553,0.8127451,0.8137255,0.80980396,0.81078434,0.8147059,0.58235294,0.42450982,0.6490196,0.74215686,0.74509805,0.7147059,0.6303922,0.70392156,0.7529412,0.73921573,0.72745097,0.66568625,0.6107843,0.30392158,0.3107843,0.47843137,0.8686274,0.86960787,0.8745098,0.88529414,0.7431373,0.7921569,0.8186275,0.7588235,0.7754902,0.7558824,0.72156864,0.7588235,0.74803925,0.59019613,0.28627452,0.2901961,0.71862745,0.7588235,0.6,0.5872549,0.4745098,0.659804,0.49019608,0.53137255,0.5470588,0.45784312,0.38627452,0.5470588,0.6666667,0.754902,0.8362745,0.9078432,0.9411765,0.9284314,0.672549,0.64117646,0.6990196,0.6401961,0.6068628,0.704902,0.6960784,0.9284314,0.8843137,0.8568628,0.6862745,0.777451,0.9009804,0.89607847,0.90588236,0.8421569,0.25,0.3137255,0.30784315,0.25,0.6166667,0.51666665,0.4284314,0.32156864,0.31666666,0.31470588,0.3009804,0.2647059,0.7921569,0.8382353,0.78039217,0.25,0.7254902,0.79019606,0.7794118,0.7892157,0.6990196,0.6784314,0.73627454
0.37843138,0.36078432,0.37156862,0.38235295,0.4,0.39215687,0.37254903,0.377451,0.45588237,0.45392156,0.45392156,0.4509804,0.45588237,0.45784312,0.4509804,0.4509804,0.45686275,0.44607842,0.4490196,0.45392156,0.45490196,0.45980394,0.4754902,0.4745098,0.6254902,0.6490196,0.6637255,0.6490196,0.6509804,0.62254906,0.5333333,0.57549024,0.47058824,0.33529413,0.33431372,0.43529412,0.49019608,0.46176472,0.32843137,0.32156864,0.3529412,0.4519608,0.46470588,0.4392157,0.41862744,0.3892157,0.41960785,0.40784314,0.4,0.40490198,0.37058824,0.34607843,0.39509803,0.41960785,0.44705883,0.4862745,0.52549016,0.45294118,0.49705884,0.35392156,0.38529414,0.43039215,0.33039215,0.33529413,0.30784315,0.31960785,0.35,0.29215688,0.30686274,0.28431374,0.28333333,0.28333333,0.28137255,0.2754902,0.5058824,0.517647,0.53039217,0.47843137,0.28529412,0.35,0.3627451,0.36078432,0.42058825,0.50196075,0.38235295,0.28529412,0.5392157,0.6009804,0.41862744,0.2872549,0.43823528,0.5637255,0.44509804,0.4882353,0.5333333,0.6019608,0.3,0.3107843,0.30490196,0.5588235,0.70392156,0.5617647,0.33039215,0.39803922,0.28235295,0.3539216,0.45392156,0.30784315,0.30588236,0.5137255,0.39019608,0.26568627,0.29117647,0.4107843,0.4970588,0.9098039,0.90000004,0.9019608,0.904902,0.9078431,0.9078431,0.9078431,0.904902,0.90294117,0.9039216,0.9039216,0.9009804,0.89607847,0.88529414,0.872549,0.8647059,0.8607843,0.85294116,0.84705883,0.8392157,0.8303922,0.8215686,0.80980396,0.79607844,0.7901961,0.7901961,0.7901961,0.7901961,0.78627455,0.78137255,0.7705883,0.7617647,0.7588235,0.74803925,0.75098044,0.7617647,0.77254903,0.78137255,0.7921569,0.8009804,0.8029412,0.8068627,0.80980396,0.81372553,0.81666666,0.8186275,0.8186275,0.81764704,0.8147059,0.8147059,0.81960785,0.79019606,0.41764706,0.45784312,0.7392157,0.67549026,0.64509803,0.7656863,0.75784314,0.71470594,0.6686275,0.6107843,0.72745097,0.25,0.3254902,0.2754902,0.55588233,0.5382353,0.58823526,0.6637255,0.75980395,0.74607843,0.7911765,0.7754902,0.7558824,0.7607843,0.73627454,0.7519608,0.7941177,0.7176471,0.25882354,0.28039217,0.34117648,0.8333333,0.6401961,0.722549,0.5833334,0.627451,0.6372549,0.504902,0.7254902,0.45882353,0.4490196,0.5372549,0.5764706,0.38333333,0.82254905,0.8411765,0.8607843,0.8637255,0.9382353,0.9117647,0.78137255,0.6431373,0.69411767,0.66078436,0.61960787,0.79313725,0.8352941,0.8529412,0.96862745,0.84901965,0.7029412,0.8029412,0.87647057,0.74803925,0.29509804,0.32058823,0.32156864,0.35784313,0.6921569,0.6107843,0.58431375,0.37058824,0.31960785,0.3245098,0.2990196,0.3127451,0.6921569,0.79607844,0.7294118,0.25,0.7627451,0.7764706,0.7735294,0.7666667,0.7745098,0.76960784,0.7117647,0.45,0.28137255
0.3127451,0.35686275,0.36764705,0.3647059,0.38431373,0.39705884,0.37254903,0.28529412,0.31470588,0.45784312,0.45294118,0.44117647,0.4401961,0.4401961,0.44607842,0.44117647,0.4637255,0.44607842,0.45588237,0.44313726,0.43235296,0.4617647,0.44411767,0.45980394,0.56960785,0.6401961,0.6431372,0.64607847,0.6215686,0.6186274,0.5656863,0.6313726,0.51666665,0.33235294,0.33333334,0.3647059,0.42450982,0.33137256,0.4254902,0.48333335,0.45686275,0.48529413,0.4254902,0.44411767,0.4166667,0.3990196,0.44607842,0.44215685,0.4137255,0.40686274,0.377451,0.29215688,0.29215688,0.29607844,0.29313725,0.38137257,0.49901962,0.51960784,0.3245098,0.3245098,0.32254902,0.31960785,0.31470588,0.31470588,0.3137255,0.31960785,0.327451,0.3392157,0.34705883,0.34117648,0.30686274,0.29313725,0.2901961,0.2882353,0.6107843,0.6490196,0.64411765,0.45784312,0.29705882,0.30392158,0.37058824,0.36078432,0.36960784,0.46078432,0.5029412,0.5470588,0.25,0.34901962,0.4166667,0.40980393,0.53431374,0.52254903,0.49411765,0.4137255,0.31470588,0.38431373,0.2901961,0.3754902,0.3107843,0.3019608,0.3,0.5009804,0.42745098,0.3382353,0.50686276,0.47254902,0.4862745,0.30980393,0.28529412,0.4401961,0.5382353,0.38431373,0.30392158,0.28137255,0.57254905,0.87254906,0.9039216,0.90000004,0.9078431,0.9098039,0.9098039,0.9098039,0.904902,0.9009804,0.9009804,0.8990196,0.89607847,0.89117646,0.8833333,0.87745094,0.8745098,0.8745098,0.872549,0.86764705,0.85784316,0.84411764,0.8303922,0.8156863,0.80196077,0.79607844,0.79509807,0.79509807,0.79313725,0.7823529,0.7705883,0.7705883,0.75980395,0.75098044,0.75686276,0.7656863,0.77156866,0.7872549,0.7980392,0.80588233,0.80980396,0.8147059,0.8176471,0.82058823,0.8235294,0.82450986,0.82549024,0.82549024,0.827451,0.8294118,0.80784315,0.3107843,0.422549,0.41274512,0.40980393,0.67156863,0.77843136,0.76862746,0.70490193,0.63529414,0.75,0.7411765,0.58137256,0.3127451,0.3127451,0.8519608,0.872549,0.87941176,0.55784315,0.57254905,0.7441177,0.7794118,0.8068627,0.75392157,0.7607843,0.7637255,0.767647,0.7794118,0.76274514,0.25,0.27156863,0.47745097,0.6362745,0.5656863,0.56960785,0.51274514,0.62745094,0.5901961,0.7921569,0.5333333,0.5088235,0.4637255,0.5382353,0.6294118,0.60784316,0.60490197,0.5333333,0.7823529,0.86764705,0.87254906,0.88039213,0.9019608,0.89215684,0.9872549,0.6431373,0.6254902,0.7676471,0.8872549,0.90882355,0.87352943,0.73529416,0.85784316,0.9196079,0.704902,0.59705883,0.32941177,0.32647058,0.327451,0.46960783,0.68921566,0.65882355,0.65588236,0.60294116,0.32647058,0.31960785,0.32058823,0.31176472,0.4764706,0.70686275,0.6019608,0.57941175,0.72450984,0.76862746,0.7735294,0.76862746,0.7519608,0.8098039,0.62254906,0.25,0.2764706,0.2735294,0.26862746
0.28235295,0.28039217,0.36764705,0.3990196,0.36862746,0.39705884,0.37941176,0.37941176,0.35588235,0.4490196,0.4343137,0.41862744,0.42156863,0.41764706,0.42450982,0.44117647,0.45,0.45980394,0.4372549,0.42745098,0.45294118,0.5392157,0.41764706,0.4254902,0.5156863,0.6372549,0.6372549,0.64117646,0.6107843,0.58431375,0.6009804,0.62254906,0.6245098,0.33333334,0.3392157,0.3362745,0.3245098,0.42941177,0.5156863,0.5421569,0.56078434,0.4862745,0.43823528,0.43039215,0.42352942,0.4284314,0.4637255,0.45,0.42745098,0.40588236,0.38431373,0.29705882,0.30588236,0.29607844,0.29313725,0.40588236,0.47941178,0.46764708,0.31764707,0.32058823,0.31764707,0.3156863,0.31666666,0.3137255,0.3156863,0.32058823,0.32843137,0.34117648,0.3509804,0.36078432,0.3627451,0.33431372,0.3019608,0.27254903,0.704902,0.68333334,0.6401961,0.3882353,0.30392158,0.30882353,0.30784315,0.37058824,0.35882354,0.38039216,0.4852941,0.4754902,0.39411765,0.40980393,0.41862744,0.48137257,0.48039216,0.29411766,0.30784315,0.28529412,0.3656863,0.64117646,0.6960784,0.6696079,0.25,0.28333333,0.3362745,0.52549016,0.504902,0.55490196,0.43823528,0.47352943,0.33333334,0.30980393,0.2990196,0.2872549,0.517647,0.38333333,0.43627453,0.34705883,0.5617647,0.48137254,0.9147059,0.9098039,0.9078431,0.9098039,0.9127451,0.9137255,0.9147059,0.9137255,0.9107843,0.9078431,0.9039216,0.8980392,0.89411765,0.89215684,0.89117646,0.8892157,0.8813726,0.8686274,0.8509804,0.8372549,0.82549024,0.81372553,0.80588233,0.80196077,0.8009804,0.8009804,0.8,0.7970588,0.79607844,0.79607844,0.7911765,0.7852942,0.7784314,0.7921569,0.7970588,0.8068627,0.8156863,0.81666666,0.82058823,0.82549024,0.82843137,0.8303922,0.8333334,0.83431375,0.8372549,0.8382353,0.777451,0.28627452,0.4892157,0.66078436,0.50392157,0.40784314,0.4019608,0.6009804,0.6921569,0.72352946,0.74705887,0.727451,0.6901961,0.2882353,0.30588236,0.38235295,0.4970588,0.61960787,0.5637255,0.8647059,0.7303922,0.7872549,0.76960784,0.78137255,0.78039217,0.73333335,0.75,0.75686276,0.7196079,0.39019608,0.26078433,0.46764708,0.4862745,0.517647,0.4343137,0.63725495,0.6264706,0.64705884,0.64607847,0.6666667,0.49803922,0.7,0.61764705,0.6284314,0.62647057,0.6784314,0.6333333,0.577451,0.6519608,0.4,0.8529412,0.8529412,0.8813726,0.89117646,0.8245098,0.80588233,0.8029412,0.7558824,0.87058824,0.9,0.87254906,0.7970588,0.7254902,0.89509803,1.0,0.9019608,0.32843137,0.33529413,0.5901961,0.75784314,0.68333334,0.6019608,0.6539216,0.29705882,0.32254902,0.32058823,0.31470588,0.25,0.72450984,0.25,0.7205882,0.73039216,0.7254902,0.7352941,0.7490196,0.79607844,0.6970588,0.42352942,0.28039217,0.27450982,0.27254903,0.2617647,0.27941176,0.26960784
0.25196078,0.3107843,0.3627451,0.3617647,0.40490198,0.37843138,0.38529414,0.42156863,0.43823528,0.4392157,0.41862744,0.422549,0.41862744,0.40882355,0.41274512,0.42745098,0.44509804,0.44607842,0.42450982,0.4107843,0.5568627,0.5490196,0.39509803,0.39215687,0.45784312,0.62254906,0.6372549,0.62254906,0.60490197,0.53039217,0.5833334,0.60784316,0.49607843,0.33333334,0.33333334,0.33333334,0.43235296,0.5421569,0.58431375,0.654902,0.63725495,0.5715686,0.4509804,0.4392157,0.3990196,0.46078432,0.48333335,0.46960786,0.4401961,0.4117647,0.3764706,0.35980392,0.32254902,0.327451,0.39019608,0.38529414,0.3882353,0.3617647,0.3127451,0.3156863,0.32254902,0.3137255,0.3137255,0.31176472,0.3137255,0.3254902,0.33431372,0.34607843,0.35784313,0.36666667,0.3745098,0.3745098,0.3627451,0.36372548,0.7147059,0.6696079,0.57058823,0.35588235,0.30392158,0.30294117,0.30490196,0.30490196,0.3764706,0.37254903,0.4,0.44313726,0.50196075,0.6960784,0.35196078,0.2901961,0.28529412,0.38431373,0.30588236,0.33235294,0.2901961,0.29411766,0.25,0.5,0.6068628,0.4519608,0.4107843,0.45980394,0.50784314,0.44509804,0.29607844,0.3,0.3137255,0.30686274,0.30980393,0.2872549,0.5009804,0.5333333,0.51862746,0.46470588,0.36862746,0.57254905,0.91862744,0.91862744,0.91862744,0.91862744,0.91764706,0.9166667,0.9147059,0.9127451,0.9098039,0.9098039,0.90882355,0.90294117,0.89411765,0.88823533,0.8862745,0.8813726,0.86960787,0.85588235,0.84607846,0.8372549,0.82549024,0.8147059,0.8117647,0.80980396,0.8117647,0.8117647,0.8147059,0.81666666,0.81666666,0.8156863,0.80588233,0.80588233,0.80588233,0.80588233,0.8117647,0.81960785,0.82843137,0.8294118,0.8333334,0.8352941,0.8392157,0.84117645,0.8421569,0.85,0.5715686,0.2529412,0.32843137,0.7019608,0.6666667,0.6970588,0.57941175,0.3892157,0.4009804,0.50196075,0.7205882,0.7166667,0.6911765,0.3254902,0.3137255,0.28529412,0.43333334,0.4882353,0.48725492,0.45980394,0.69803923,0.7617647,0.77254903,0.7705883,0.7892157,0.72843134,0.754902,0.7284314,0.7372549,0.5803922,0.2647059,0.5156863,0.39411765,0.39607844,0.42058825,0.40392157,0.50784314,0.5588235,0.66764706,0.64411765,0.4754902,0.7617647,0.7794118,0.7284314,0.55980396,0.6637255,0.5588236,0.6294118,0.6156863,0.64215684,0.55588233,0.6166667,0.5735294,0.6823529,0.8303922,0.8607843,0.8598039,0.9490196,0.81372553,0.74803925,0.76176476,0.85588235,0.75784314,0.74705887,0.47254902,0.6431373,0.8009804,0.8843137,0.59901965,0.7147059,0.7264706,0.71960783,0.65588236,0.44313726,0.32058823,0.31862745,0.3156863,0.28235295,0.5519608,0.25,0.7529412,0.7411765,0.7411765,0.74803925,0.75490195,0.7931373,0.5980392,0.25,0.2764706,0.27450982,0.26862746,0.26960784,0.27156863,0.26960784,0.28039217,0.28529412
0.25588235,0.2529412,0.38137257,0.2882353,0.3254902,0.4,0.3764706,0.41862744,0.4284314,0.42941177,0.42647058,0.4284314,0.422549,0.41274512,0.4166667,0.42156863,0.41764706,0.42058825,0.42450982,0.4509804,0.5980392,0.5833334,0.39215687,0.39509803,0.40980393,0.6098039,0.6107843,0.6,0.58137256,0.5892157,0.34705883,0.36372548,0.3754902,0.36862746,0.35784316,0.48725492,0.54607844,0.5892157,0.6431373,0.6539216,0.64705884,0.5960784,0.47156864,0.43627453,0.39509803,0.4519608,0.46764708,0.45294118,0.44313726,0.41862744,0.36176473,0.32254902,0.34215686,0.32352942,0.29803923,0.3009804,0.31666666,0.34509805,0.3480392,0.34509805,0.3745098,0.37352943,0.36862746,0.37058824,0.37352943,0.327451,0.3372549,0.34901962,0.35588235,0.3627451,0.36960784,0.37156862,0.37156862,0.56078434,0.6666666,0.61764705,0.45588237,0.3362745,0.3509804,0.30686274,0.29803923,0.30392158,0.30882353,0.36960784,0.36764705,0.39411765,0.46666667,0.44411767,0.31764707,0.37156862,0.29215688,0.327451,0.45392156,0.8009804,0.9313725,0.9166667,0.63823533,0.5,0.527451,0.38627452,0.36176473,0.26764706,0.29803923,0.32843137,0.32352942,0.31960785,0.31666666,0.30980393,0.32647058,0.27745098,0.2901961,0.54117644,0.5960784,0.52254903,0.4019608,0.5686275,0.90294117,0.92156863,0.92156863,0.92058825,0.91862744,0.9166667,0.9137255,0.9137255,0.9127451,0.9078431,0.9039216,0.8980392,0.8872549,0.88235295,0.8794118,0.872549,0.8637255,0.85,0.83235294,0.82058823,0.8156863,0.8147059,0.8176471,0.8176471,0.82058823,0.81960785,0.82058823,0.82254905,0.81666666,0.80980396,0.80588233,0.80784315,0.8127451,0.81666666,0.82549024,0.83235294,0.8362745,0.8392157,0.8421569,0.84607846,0.8509804,0.69803923,0.25,0.27450982,0.28235295,0.517647,0.74607843,0.6696079,0.66764706,0.65686274,0.64117646,0.39019608,0.39215687,0.42156863,0.6529412,0.56960785,0.31666666,0.30784315,0.4137255,0.40784314,0.35588235,0.34215686,0.5098039,0.71960783,0.754902,0.74705887,0.7529412,0.7745098,0.7745098,0.7607843,0.73039216,0.7009804,0.2872549,0.377451,0.4401961,0.44117647,0.3892157,0.4892157,0.3647059,0.43235296,0.47058824,0.49607843,0.54019606,0.754902,0.8382353,0.6539216,0.5617647,0.65686274,0.65686274,0.59019613,0.6745098,0.6196078,0.46078432,0.65686274,0.7745098,0.73333335,0.40490198,0.34901962,0.8117647,0.85588235,0.41960785,0.4372549,0.422549,0.39705884,0.72745097,0.8147059,0.35196078,0.33039215,0.34117648,0.33235294,0.82549024,0.96862745,0.92647064,0.7137255,0.6970588,0.6833334,0.31764707,0.3245098,0.32254902,0.3156863,0.70980394,0.8382353,0.8254902,0.74607843,0.69803923,0.61764705,0.61764705,0.654902,0.5921569,0.45392156,0.63823533,0.5147059,0.28627452,0.25,0.2509804,0.28137255,0.28627452,0.2990196,0.25,0.6147059
0.25,0.25980392,0.2529412,0.2647059,0.3892157,0.34509805,0.41862744,0.422549,0.422549,0.42058825,0.42647058,0.42352942,0.42450982,0.41764706,0.422549,0.42156863,0.4166667,0.4166667,0.42450982,0.5735294,0.6098039,0.5901961,0.42745098,0.39215687,0.39215687,0.5588235,0.60294116,0.5803921,0.5529412,0.56960785,0.36078432,0.37352943,0.35588235,0.3539216,0.34509805,0.33039215,0.31960785,0.2990196,0.31666666,0.3362745,0.34411764,0.35784316,0.38627452,0.40490198,0.4,0.43333334,0.44117647,0.40980393,0.41568628,0.41470587,0.40294117,0.2754902,0.28235295,0.2784314,0.2901961,0.29509804,0.29803923,0.28137255,0.29607844,0.2901961,0.29313725,0.29803923,0.2901961,0.30686274,0.3019608,0.34215686,0.37941176,0.3882353,0.37058824,0.36666667,0.36666667,0.36568627,0.36666667,0.65,0.5735294,0.5617647,0.55784315,0.5382353,0.5627451,0.54509807,0.5745098,0.5686275,0.3882353,0.39509803,0.43529412,0.38235295,0.39117646,0.40980393,0.35588235,0.32843137,0.5264706,0.67941177,0.40686274,0.4539216,0.44607842,0.4519608,0.40294117,0.34215686,0.3362745,0.3127451,0.3990196,0.5901961,0.6068628,0.5921569,0.6254902,0.56470585,0.25,0.31470588,0.26666668,0.33137256,0.3,0.54509807,0.55784315,0.5637255,0.48137254,0.54607844,0.4911765,0.922549,0.9166667,0.91078436,0.9098039,0.9098039,0.9078431,0.904902,0.9009804,0.8980392,0.8931373,0.8901961,0.8862745,0.8803922,0.86960787,0.85784316,0.8421569,0.82549024,0.8147059,0.8117647,0.81372553,0.8176471,0.82058823,0.82254905,0.82254905,0.8235294,0.82549024,0.82254905,0.81666666,0.8156863,0.8127451,0.79901963,0.8039216,0.8235294,0.8303922,0.8352941,0.8421569,0.84705883,0.85,0.81960785,0.2735294,0.26960784,0.27450982,0.25,0.6,0.67941177,0.67156863,0.7078432,0.7215686,0.59607846,0.6539216,0.40980393,0.4,0.40294117,0.46862745,0.3156863,0.39215687,0.5098039,0.527451,0.50980395,0.52156866,0.75686276,0.7411765,0.73333335,0.7588236,0.73627454,0.7264706,0.74607843,0.7166667,0.7303922,0.25,0.30686274,0.30686274,0.5137255,0.47941178,0.35196078,0.35980392,0.49313727,0.49411765,0.4911765,0.422549,0.56078434,0.6647059,0.67058825,0.6911765,0.56960785,0.6215686,0.57941175,0.71274513,0.6431373,0.60588235,0.61764705,0.84607846,0.57058823,0.6686275,0.44509804,0.27745098,0.39117646,0.8127451,0.78137255,0.6892157,0.5107843,0.44411767,0.51960784,0.30588236,0.34313726,0.3392157,0.3362745,0.39117646,0.3872549,0.8568628,0.94509804,0.9558824,0.69019604,0.25980392,0.32941177,0.3245098,0.31176472,0.30490196,0.57549024,0.64411765,0.7029412,0.69411767,0.70980394,0.70490193,0.65588236,0.654902,0.64117646,0.62941176,0.5892157,0.5960784,0.60882354,0.6245098,0.5911765,0.5519608,0.5852941,0.6872549,0.7117647,0.7156863,0.71960783
0.40490198,0.39509803,0.42450982,0.4117647,0.39411765,0.41568628,0.4019608,0.4166667,0.41960785,0.422549,0.41862744,0.422549,0.4284314,0.42647058,0.4166667,0.41960785,0.41568628,0.41568628,0.45784312,0.6098039,0.6156863,0.60490197,0.48725492,0.3990196,0.39509803,0.49215686,0.58823526,0.5735294,0.5088235,0.50686276,0.35588235,0.34607843,0.3362745,0.3254902,0.2990196,0.30980393,0.32843137,0.3392157,0.34607843,0.36372548,0.38235295,0.40686274,0.38529414,0.377451,0.37058824,0.37058824,0.3529412,0.32843137,0.2872549,0.28529412,0.29117647,0.3019608,0.30490196,0.3009804,0.29509804,0.29411766,0.2872549,0.2784314,0.28431374,0.28333333,0.2735294,0.27941176,0.2784314,0.28921568,0.2882353,0.2784314,0.28921568,0.28235295,0.28627452,0.3627451,0.36960784,0.3627451,0.36372548,0.6,0.53137255,0.3009804,0.30980393,0.30490196,0.3019608,0.3019608,0.25,0.2990196,0.44411767,0.5107843,0.5294118,0.3872549,0.3990196,0.40686274,0.4284314,0.38235295,0.4254902,0.47843137,0.38627452,0.4509804,0.4392157,0.44411767,0.4,0.6882353,0.47941178,0.30784315,0.30882353,0.30882353,0.30882353,0.31176472,0.31666666,0.31176472,0.2901961,0.32156864,0.2735294,0.33431372,0.29607844,0.94803923,0.54313725,1.0,1.0,0.9970588,0.48921567,0.91078436,0.9078431,0.9009804,0.8990196,0.89607847,0.89607847,0.89117646,0.88823533,0.88529414,0.8813726,0.87745094,0.86960787,0.85784316,0.84705883,0.8382353,0.82549024,0.8156863,0.8117647,0.8117647,0.8156863,0.82058823,0.82254905,0.82058823,0.81960785,0.82058823,0.82058823,0.82058823,0.82450986,0.82843137,0.8235294,0.8186275,0.8186275,0.82843137,0.8303922,0.8392157,0.84705883,0.8509804,0.8568627,0.25,0.2735294,0.27058825,0.55784315,0.5627451,0.7009804,0.59019613,0.6735294,0.70686275,0.66764706,0.6745098,0.5852941,0.5117647,0.3245098,0.39019608,0.58823526,0.39411765,0.32843137,0.33137256,0.3245098,0.7166667,0.77254903,0.7656863,0.80588233,0.78137255,0.732353,0.7294118,0.74803925,0.75392157,0.3754902,0.31470588,0.31764707,0.32352942,0.477451,0.48431373,0.44607842,0.36960787,0.36568627,0.46666667,0.36372548,0.43333334,0.3245098,0.55980396,0.6117647,0.67058825,0.6637255,0.5715686,0.78137255,0.5470588,0.56470585,0.5568628,0.5480392,0.57450986,0.62352943,0.43529412,0.60392153,0.70882356,0.40980393,0.7852941,0.77254903,0.6627451,0.71274513,0.49509805,0.38431373,0.3392157,0.32156864,0.60882354,0.8509804,0.6882353,0.68921566,0.6637255,0.4166667,0.80490196,0.9284314,0.69411767,0.32156864,0.31470588,0.25490198,0.30882353,0.3362745,0.3372549,0.34509805,0.34019607,0.34019607,0.3254902,0.3245098,0.3245098,0.2882353,0.25392157,0.3892157,0.4735294,0.5803921,0.63725495,0.6254902,0.6637255,0.6529412,0.6598039,0.672549,0.7352941,0.7156863,0.7176471
0.39313728,0.39215687,0.39509803,0.46470588,0.422549,0.40882355,0.40980393,0.41568628,0.4137255,0.41568628,0.41862744,0.4137255,0.422549,0.41862744,0.40784314,0.4137255,0.4137255,0.41960785,0.5490196,0.5960784,0.6196078,0.6098039,0.5627451,0.39803922,0.4019608,0.4490196,0.5735294,0.57058823,0.45980394,0.45980394,0.5392157,0.25392157,0.2637255,0.28235295,0.327451,0.3392157,0.3656863,0.38039216,0.37941176,0.38431373,0.39607844,0.39411765,0.39705884,0.4019608,0.4,0.38039216,0.37156862,0.34901962,0.3254902,0.28921568,0.2872549,0.2882353,0.2990196,0.30490196,0.3019608,0.3009804,0.3019608,0.30490196,0.30490196,0.30490196,0.2990196,0.30294117,0.30784315,0.30980393,0.3107843,0.31176472,0.30882353,0.3019608,0.29705882,0.35196078,0.35882354,0.35490197,0.35882354,0.61372554,0.65,0.28333333,0.28431374,0.28039217,0.28333333,0.28627452,0.28921568,0.29705882,0.2872549,0.29215688,0.32843137,0.3372549,0.4254902,0.4284314,0.4490196,0.4627451,0.4627451,0.3254902,0.3372549,0.25686276,0.2627451,0.3019608,0.654902,0.4284314,0.29803923,0.30980393,0.30882353,0.31176472,0.31176472,0.30882353,0.31176472,0.31764707,0.3480392,0.32843137,0.37254903,0.49313727,0.3509804,0.34607843,0.53627455,0.54313725,0.7441176,1.0,1.0,1.0,1.0,1.0,1.0,1.0,0.87352943,0.87058824,0.8745098,0.86960787,0.86764705,0.8647059,0.85588235,0.8421569,0.82843137,0.81372553,0.80490196,0.80980396,0.8127451,0.81666666,0.82058823,0.82549024,0.827451,0.8294118,0.82843137,0.82549024,0.82058823,0.82549024,0.82843137,0.83431375,0.83137256,0.8294118,0.82843137,0.8303922,0.8235294,0.8352941,0.8509804,0.85784316,0.8666667,0.27058825,0.25,0.66078436,0.6784314,0.6509804,0.65686274,0.65686274,0.55,0.7029412,0.6303922,0.6450981,0.62647057,0.31862745,0.3245098,0.34901962,0.47058824,0.5764706,0.4117647,0.5637255,0.73627454,0.77549016,0.74607843,0.7637255,0.7294118,0.7509804,0.7529412,0.7411765,0.56078434,0.31764707,0.32156864,0.43039215,0.572549,0.64411765,0.6186275,0.4519608,0.37352943,0.43627453,0.52549016,0.4392157,0.32254902,0.46078432,0.4754902,0.53627455,0.6882353,0.6166667,0.7666667,0.50392157,0.4862745,0.582353,0.62647057,0.65,0.70000005,0.48333335,0.46666667,0.53627455,0.59019613,0.5764706,0.6,0.48235294,0.8421569,0.72843134,0.41764706,0.4254902,0.4617647,0.36666667,0.35,0.75980395,0.7294118,0.70000005,0.66078436,0.5715686,0.44215685,0.8637255,1.0,0.9147059,0.32058823,0.7166667,0.64411765,0.6735294,0.9147059,0.86372554,0.83235294,0.82450986,0.29117647,0.2901961,0.30294117,0.31764707,0.32058823,0.32941177,0.32058823,0.3254902,0.31862745,0.32254902,0.32647058,0.32647058,0.32352942,0.32647058,0.32156864,0.2627451,0.327451,0.5058824
0.39117646,0.38627452,0.3745098,0.4009804,0.44411767,0.40294117,0.40490198,0.40980393,0.4166667,0.4107843,0.40980393,0.4166667,0.4166667,0.4107843,0.41568628,0.41862744,0.41960785,0.43137255,0.6019608,0.59313726,0.5980392,0.6,0.5901961,0.4019608,0.3990196,0.4137255,0.58137256,0.5735294,0.37156862,0.4107843,0.5156863,0.33333334,0.35882354,0.51960784,0.5862745,0.4745098,0.3107843,0.25,0.25,0.26078433,0.71274513,0.25,0.26764706,0.3156863,0.36176473,0.39313728,0.4,0.38529414,0.36862746,0.3372549,0.29313725,0.29509804,0.3107843,0.31666666,0.30784315,0.31176472,0.31176472,0.31470588,0.3127451,0.3156863,0.31176472,0.31862745,0.31666666,0.31666666,0.31470588,0.30980393,0.31176472,0.31960785,0.31960785,0.31764707,0.31764707,0.43137255,0.43333334,0.422549,0.41764706,0.31176472,0.30784315,0.30686274,0.30686274,0.3019608,0.29803923,0.30686274,0.29215688,0.28529412,0.37254903,0.36764705,0.36666667,0.47941178,0.44117647,0.42450982,0.46862745,0.6431373,0.3382353,0.2754902,0.2764706,0.47058824,0.57058823,0.38431373,0.30980393,0.3137255,0.31666666,0.31470588,0.31176472,0.30588236,0.31176472,0.32352942,0.4519608,0.34509805,0.42450982,0.6098039,0.3480392,0.33529413,0.27058825,0.53431374,0.47058824,0.34019607,0.3480392,0.25882354,0.6058824,0.9862745,1.0,1.0,1.0,1.0,1.0,1.0,1.0,1.0,0.98333335,0.78627455,0.8156863,0.8068627,0.80196077,0.8117647,0.82058823,0.82549024,0.8303922,0.83431375,0.8392157,0.8392157,0.8421569,0.8421569,0.84313726,0.84411764,0.8421569,0.8392157,0.83137256,0.8215686,0.8156863,0.8235294,0.8235294,0.82549024,0.84411764,0.85784316,0.48039216,0.54509807,0.7019608,0.6813725,0.6166667,0.6519608,0.7607843,0.60490197,0.55490196,0.6960784,0.5862745,0.26568627,0.32843137,0.3127451,0.34215686,0.4137255,0.39607844,0.7705882,0.74803925,0.7794118,0.7303922,0.7411765,0.7401961,0.74705887,0.76960784,0.74705887,0.6960784,0.30784315,0.32254902,0.3872549,0.55,0.5862745,0.61960787,0.52549016,0.7852941,0.57941175,0.5637255,0.42156863,0.33529413,0.44509804,0.49901962,0.44117647,0.38529414,0.40686274,0.5147059,0.6196078,0.5137255,0.57254905,0.66568625,0.59901965,0.67647064,0.5470588,0.6039216,0.58137256,0.7911765,0.6,0.6127451,0.6186274,0.677451,0.4343137,0.75784314,0.63725495,0.42352942,0.42745098,0.5098039,0.4117647,0.4166667,0.7205882,0.6862745,0.58431375,0.56960785,0.3990196,0.34509805,0.672549,0.85490197,0.9490196,0.7176471,0.32843137,0.60490197,0.5421569,0.8901961,0.9137255,0.91764706,0.9382353,0.5764706,0.27941176,0.27058825,0.2764706,0.27745098,0.27941176,0.28627452,0.3,0.31960785,0.5352941,0.39117646,0.44705883,0.46960786,0.41764706,0.377451,0.31862745,0.31764707,0.327451
0.3509804,0.38137257,0.3735294,0.36568627,0.42941177,0.4254902,0.41862744,0.40490198,0.40980393,0.41274512,0.40686274,0.4137255,0.41764706,0.40490198,0.4137255,0.4137255,0.42058825,0.5509804,0.5980392,0.60490197,0.6127451,0.5980392,0.5892157,0.41568628,0.40686274,0.4009804,0.5676471,0.5421569,0.5441177,0.38627452,0.36666667,0.3362745,0.42156863,0.5833334,0.6529412,0.64705884,0.66176474,0.66764706,0.6401961,0.4882353,0.33137256,0.38333333,0.41862744,0.43529412,0.42156863,0.3656863,0.3362745,0.25,0.25,0.26764706,0.26960784,0.27058825,0.28235295,0.28137255,0.28431374,0.2901961,0.3019608,0.31470588,0.31470588,0.32156864,0.31960785,0.3156863,0.31764707,0.31470588,0.31764707,0.30980393,0.31176472,0.3156863,0.31764707,0.31666666,0.32254902,0.43137255,0.43235296,0.44313726,0.42352942,0.31666666,0.31666666,0.31470588,0.31666666,0.3156863,0.3127451,0.3127451,0.31470588,0.31960785,0.3254902,0.33039215,0.32254902,0.3254902,0.3245098,0.31960785,0.31176472,0.3137255,0.3137255,0.2990196,0.30490196,0.33039215,0.4509804,0.44411767,0.4372549,0.41960785,0.4019608,0.37254903,0.35784316,0.3362745,0.31666666,0.4009804,0.5205883,0.34509805,0.45392156,0.6215686,0.5235294,0.36960787,0.41470587,0.55490196,0.5637255,0.4764706,0.36764705,0.577451,0.8862745,0.777451,0.52254903,0.28921568,0.3745098,0.33039215,0.28921568,0.8617647,1.0,1.0,1.0,1.0,1.0,1.0,1.0,0.84607846,0.8068628,0.8215686,0.83235294,0.84411764,0.29509804,0.27450982,0.25,0.5901961,0.82941175,0.8558824,0.84411764,0.8392157,0.82549024,0.8068627,0.8147059,0.81764704,0.8186275,0.8333334,0.8509804,0.832353,0.59313726,0.6068628,0.6333333,0.66568625,0.6313726,0.62843144,0.6009804,0.6970588,0.6392157,0.4392157,0.32941177,0.30294117,0.50784314,0.50196075,0.45784315,0.3254902,0.41862744,0.64215684,0.69803923,0.7372549,0.75980395,0.75686276,0.75392157,0.75784314,0.7284314,0.27254903,0.3245098,0.34313726,0.3872549,0.6264706,0.5617647,0.49411765,0.84705883,0.68333334,0.6019608,0.40392157,0.37254903,0.38235295,0.36960784,0.45,0.45392156,0.4372549,0.38333333,0.46764708,0.5509804,0.5588235,0.5098039,0.44509804,0.55098045,0.54313725,0.6392157,0.777451,0.6745098,0.5764706,0.6009804,0.5264706,0.5637255,0.5833334,0.54901963,0.57549024,0.44607842,0.59901965,0.7745098,0.5588236,0.56666666,0.78137255,0.47254902,0.42450982,0.34019607,0.34215686,0.34411764,0.34509805,0.34607843,0.33431372,0.8666667,0.9558824,0.8754902,0.2627451,0.97156864,0.9460784,0.8568628,0.9,0.9245098,0.90686274,0.94509804,0.25,0.28137255,0.2872549,0.29705882,0.27941176,0.53627455,0.5529412,0.572549,0.37254903,0.47941178,0.53039217,0.5392157,0.52156866,0.5421569,0.54117644,0.5519608,0.55
0.39117646,0.34019607,0.37254903,0.38039216,0.43137255,0.41862744,0.43137255,0.43137255,0.39803922,0.41274512,0.42058825,0.4137255,0.41862744,0.4107843,0.4019608,0.38039216,0.3382353,0.32254902,0.3362745,0.3529412,0.3627451,0.36372548,0.36666667,0.37058824,0.3745098,0.3735294,0.38039216,0.3754902,0.3735294,0.37058824,0.3647059,0.35490197,0.3480392,0.34901962,0.25,0.3127451,0.32156864,0.3127451,0.3107843,0.30784315,0.33039215,0.4117647,0.48039216,0.5,0.52156866,0.5333333,0.5294118,0.517647,0.45882353,0.2509804,0.39411765,0.37843138,0.33235294,0.28431374,0.2784314,0.27058825,0.2754902,0.2784314,0.28137255,0.28431374,0.28235295,0.28431374,0.28431374,0.28431374,0.28431374,0.28235295,0.28137255,0.2872549,0.29215688,0.3019608,0.3127451,0.4254902,0.43627453,0.44411767,0.44313726,0.33137256,0.32647058,0.3254902,0.33235294,0.3362745,0.34019607,0.33529413,0.32647058,0.33039215,0.33039215,0.34215686,0.32941177,0.33431372,0.32941177,0.32647058,0.31764707,0.3107843,0.31960785,0.32058823,0.32941177,0.32352942,0.4009804,0.44803923,0.47254902,0.46176472,0.46666667,0.4754902,0.47941178,0.48039216,0.46470588,0.45392156,0.6539216,0.3372549,0.5,0.6215687,0.6284314,0.3529412,0.422549,0.25,0.54313725,0.43137255,0.45588237,0.582353,0.61960787,0.8509804,0.8372549,0.83431375,0.82549024,0.8156863,0.8117647,0.7892157,0.6431373,0.3990196,0.35784313,0.34607843,0.46960783,1.0,1.0,1.0,1.0,1.0,1.0,0.99803925,0.25,0.29705882,0.30294117,0.29607844,0.29411766,0.28627452,0.2627451,0.3990196,0.39509803,0.3882353,0.37843138,0.38137257,0.38529414,0.36862746,0.59803927,0.5676471,0.672549,0.63823533,0.62843144,0.6696079,0.66764706,0.8264706,0.5441177,0.5539216,0.32941177,0.33333334,0.33137256,0.3421569,0.39411765,0.46176472,0.52254903,0.41960785,0.422549,0.56470585,0.73627454,0.75784314,0.7254902,0.73627454,0.72843134,0.31764707,0.32352942,0.33137256,0.25,0.5745098,0.6578431,0.5617647,0.44411767,0.7107843,0.5568627,0.36568627,0.517647,0.63725495,0.47254902,0.39313728,0.3735294,0.43823528,0.45784312,0.4117647,0.4137255,0.59901965,0.47058824,0.56470585,0.722549,0.5617647,0.5852941,0.50784314,0.4617647,0.4754902,0.57843137,0.50784314,0.5333333,0.5098039,0.51862746,0.5382353,0.70490193,0.55980396,0.517647,0.54607844,0.6607843,0.5588236,0.627451,0.89411765,0.53431374,0.5294118,0.3362745,0.34215686,0.34411764,0.34117648,0.3372549,0.54117644,0.8833333,0.93529415,0.9882353,0.9852941,0.98039216,0.93529415,0.92941177,0.8990196,0.93529415,0.9382353,0.9009804,0.74705887,0.28333333,0.49803922,0.5156863,0.6284314,0.57549024,0.56470585,0.5098039,0.40882355,0.6431373,0.52549016,0.5872549,0.58431375,0.55784315,0.5735294,0.5617647,0.5637255
0.41470587,0.41862744,0.30784315,0.3735294,0.43823528,0.4254902,0.41862744,0.42450982,0.37058824,0.3754902,0.38137257,0.3754902,0.36568627,0.37941176,0.3745098,0.3647059,0.3627451,0.36372548,0.36372548,0.35686275,0.36764705,0.36078432,0.36666667,0.36666667,0.35490197,0.3617647,0.35588235,0.35686275,0.35196078,0.3245098,0.32352942,0.31176472,0.3156863,0.3137255,0.3127451,0.3156863,0.31862745,0.3107843,0.31666666,0.29705882,0.30490196,0.2901961,0.30882353,0.39313728,0.58823526,0.65686274,0.6,0.50392157,0.3107843,0.35196078,0.52156866,0.39215687,0.36764705,0.26960784,0.25784314,0.27450982,0.26764706,0.27941176,0.27941176,0.26960784,0.2784314,0.27941176,0.27941176,0.27745098,0.2754902,0.28137255,0.2784314,0.28137255,0.28137255,0.27941176,0.36078432,0.33431372,0.46764708,0.38235295,0.25,0.28627452,0.28627452,0.28627452,0.2882353,0.2882353,0.28431374,0.28431374,0.2882353,0.2990196,0.30980393,0.35,0.32843137,0.32941177,0.33431372,0.33235294,0.33137256,0.32647058,0.3372549,0.33529413,0.32941177,0.33431372,0.4,0.42745098,0.42058825,0.43137255,0.44411767,0.45784315,0.4754902,0.4745098,0.4490196,0.4490196,0.5323529,0.34019607,0.5107843,0.61764705,0.62058824,0.47156864,0.3627451,0.32058823,0.5264706,0.5323529,0.4970588,0.42156863,0.5470588,0.8264706,0.8127451,0.80980396,0.80196077,0.7980392,0.79313725,0.7872549,0.7823529,0.78431374,0.7823529,0.78039217,0.7911765,0.6931373,0.3245098,0.35686275,0.25,0.88235295,1.0,1.0,1.0,1.0,1.0,1.0,0.25,0.4166667,0.39313728,0.37156862,0.377451,0.3872549,0.38431373,0.38627452,0.49215686,0.5519608,0.5686275,0.60294116,0.59705883,0.60784316,0.6107843,0.66176474,0.62058824,0.62254906,0.27745098,0.3254902,0.38235295,0.48333335,0.53137255,0.5352941,0.3392157,0.74607843,0.6401961,0.41764706,0.41960785,0.44607842,0.7313726,0.72745097,0.71470594,0.5323529,0.32647058,0.3382353,0.25,0.5588236,0.69019604,0.57843137,0.6882353,0.5715686,0.62745094,0.47745097,0.5333333,0.5960784,0.48431373,0.6784314,0.49607843,0.38039216,0.377451,0.43235296,0.4,0.50196075,0.5284314,0.5715686,0.49607843,0.61372554,0.5882353,0.68529415,0.5480392,0.61176467,0.6,0.5921569,0.6009804,0.527451,0.49803922,0.49803922,0.677451,0.5470588,0.6009804,0.6,0.5686275,0.48333335,0.6637255,0.6039216,0.7254902,0.8803922,0.60882354,0.63823533,0.33333334,0.34117648,0.3392157,0.33529413,0.7205882,0.7147059,0.96568626,0.98333335,0.96960783,1.0,0.99215686,0.95,0.9382353,0.94509804,0.9196079,0.91764706,0.9627451,0.25,0.55588233,0.42450982,0.38039216,0.504902,0.6431373,0.6294118,0.582353,0.50686276,0.6696079,0.5333333,0.60392153,0.5833334,0.5617647,0.54607844,0.5568627,0.55588233
0.41764706,0.4107843,0.35686275,0.36862746,0.37156862,0.377451,0.36960784,0.3382353,0.3362745,0.3362745,0.35784313,0.3764706,0.38235295,0.36666667,0.35196078,0.35,0.34901962,0.3245098,0.35588235,0.35588235,0.34411764,0.33431372,0.32647058,0.3392157,0.33431372,0.34411764,0.29509804,0.31176472,0.3127451,0.3137255,0.31470588,0.31764707,0.31666666,0.3137255,0.30784315,0.3137255,0.29215688,0.28235295,0.3372549,0.48333335,0.6392157,0.73627454,0.822549,0.8715686,0.8862745,0.85294116,0.83431375,0.7225491,0.52254903,0.78039217,0.64117646,0.5470588,0.55588233,0.572549,0.5441177,0.5382353,0.517647,0.49901962,0.517647,0.4372549,0.25,0.2784314,0.26764706,0.27254903,0.26568627,0.2784314,0.28137255,0.2754902,0.27745098,0.28235295,0.35686275,0.36078432,0.7656863,0.7029412,0.7470588,0.27941176,0.27941176,0.27745098,0.27450982,0.27745098,0.2735294,0.3627451,0.27941176,0.28137255,0.75392157,0.30490196,0.35980392,0.32647058,0.3127451,0.29705882,0.28333333,0.25686276,0.28039217,0.28137255,0.28137255,0.28431374,0.2872549,0.2882353,0.28431374,0.27156863,0.25,0.25,0.25686276,0.27941176,0.29313725,0.32156864,0.7745098,0.33039215,0.5921569,0.81666666,0.9372549,0.9627451,0.29705882,0.99803925,0.25,0.5490196,0.4882353,0.39411765,0.5372549,0.80588233,0.80196077,0.7970588,0.7921569,0.7892157,0.7911765,0.79019606,0.7872549,0.7794118,0.7784314,0.7735294,0.7823529,0.7911765,0.80196077,0.82058823,0.8362745,0.8039216,0.46764708,0.31666666,0.2627451,0.5529412,1.0,0.41470587,0.4107843,0.40490198,0.39019608,0.39705884,0.39117646,0.49215686,0.4519608,0.5745098,0.5588236,0.654902,0.5676471,0.5745098,0.5441177,0.54313725,0.5392157,0.6362745,0.4754902,0.32941177,0.32352942,0.31960785,0.31862745,0.32156864,0.26960784,0.70392156,0.7058824,0.71862745,0.6970588,0.41274512,0.41470587,0.41764706,0.70490193,0.7166667,0.3127451,0.33333334,0.29705882,0.7745098,0.5588235,0.59313726,0.5568627,0.51274514,0.8382353,0.5588235,0.53039217,0.6009804,0.46666667,0.65686274,0.65294117,0.74803925,0.6666666,0.4519608,0.36960784,0.41862744,0.53137255,0.50784314,0.6137255,0.60784316,0.59705883,0.74509805,0.5568627,0.5627451,0.5382353,0.5107843,0.577451,0.53627455,0.62941176,0.5666667,0.46568626,0.732353,0.5480392,0.5656863,0.56960785,0.45392156,0.54117644,0.5,0.74313724,0.48725492,0.46764708,0.97745097,0.63725495,0.7019608,0.35784313,0.34019607,0.3392157,0.7705883,0.9,0.8921569,0.9254902,0.9676471,0.9607843,0.96960783,0.96568626,0.93529415,0.9137255,0.93529415,0.89215684,0.9666667,0.6490196,0.5637255,0.37156862,0.31862745,0.35588235,0.37254903,0.70882356,0.66764706,0.6068628,0.56666666,0.5333333,0.5392157,0.5911765,0.5735294,0.5529412,0.5735294,0.58137256,0.55588233
0.38235295,0.3892157,0.3872549,0.3509804,0.38039216,0.39019608,0.3764706,0.36862746,0.35980392,0.35882354,0.3617647,0.3480392,0.34215686,0.33039215,0.3382353,0.33431372,0.34313726,0.33431372,0.34019607,0.34705883,0.3362745,0.33333334,0.33333334,0.31764707,0.3009804,0.31764707,0.30784315,0.32058823,0.31176472,0.31470588,0.3156863,0.31470588,0.3107843,0.28431374,0.30686274,0.36078432,0.34215686,0.35,0.527451,0.7352941,0.84705883,0.8637255,0.8647059,0.86960787,0.8686274,0.86960787,0.5509804,0.55980396,0.57058823,0.5235294,0.49215686,0.4882353,0.4882353,0.4627451,0.38333333,0.25,0.28921568,0.2784314,0.25588235,0.25,0.3990196,0.504902,0.45882353,0.28235295,0.25,0.25,0.25,0.2735294,0.27941176,0.2764706,0.33431372,0.3617647,0.7009804,0.7294118,0.69215685,0.25,0.2764706,0.2784314,0.2735294,0.2735294,0.2764706,0.34215686,0.28431374,0.28137255,0.72450984,0.77254903,0.76862746,0.7176471,0.3745098,0.36960784,0.36568627,0.3509804,0.3107843,0.30980393,0.3137255,0.40784314,0.3019608,0.3137255,0.28235295,0.2872549,0.29117647,0.3019608,0.31862745,0.45882353,0.5441177,0.4892157,0.45,0.34901962,0.48431373,0.5470588,0.53431374,0.5323529,0.3990196,0.34607843,0.29411766,0.5372549,0.55784315,0.4911765,0.54117644,0.48431373,0.7911765,0.7872549,0.7872549,0.7921569,0.79313725,0.79313725,0.79313725,0.7921569,0.7921569,0.7911765,0.7892157,0.7911765,0.7980392,0.80980396,0.81960785,0.82058823,0.81666666,0.25,0.2617647,0.3745098,0.40686274,0.40294117,0.4009804,0.3990196,0.38235295,0.44509804,0.59607846,0.52549016,0.5441177,0.595098,0.56078434,0.5480392,0.5205883,0.5392157,0.54509807,0.55490196,0.6264706,0.32254902,0.33137256,0.3382353,0.38431373,0.3990196,0.43137255,0.6529412,0.722549,0.7441176,0.6921569,0.7254902,0.7009804,0.504902,0.41470587,0.4166667,0.46568626,0.6745098,0.4137255,0.56470585,0.5117647,0.57058823,0.6362745,0.51862746,0.5647059,0.5009804,0.5676471,0.6166667,0.5088235,0.6911765,0.49411765,0.8,0.677451,0.6215686,0.59019613,0.5264706,0.4754902,0.6666666,0.4519608,0.6401961,0.5901961,0.70980394,0.54019606,0.6156863,0.5235294,0.59705883,0.5892157,0.58137256,0.5882353,0.49019608,0.77549016,0.582353,0.52549016,0.6068628,0.54607844,0.4372549,0.5029412,0.5833334,0.58137256,0.6127451,0.42647058,0.57843137,0.4637255,0.95490193,0.9411765,0.65588236,0.672549,0.7343137,0.91568625,0.9078431,0.88235295,0.94803923,0.94803923,0.95980394,0.9794118,0.98137254,0.9607843,0.9460784,0.7529412,0.3392157,0.38137257,0.90294117,0.9794118,0.5294118,0.577451,0.31666666,0.34215686,0.40588236,0.83431375,0.6578431,0.6862745,0.55980396,0.48921567,0.6519608,0.57549024,0.5833334,0.56078434,0.59411764,0.63725495,0.6676471
0.33529413,0.33333334,0.33235294,0.3392157,0.3392157,0.32843137,0.32352942,0.33137256,0.3392157,0.327451,0.27156863,0.26568627,0.26568627,0.26666668,0.2637255,0.2627451,0.26666668,0.25784314,0.25686276,0.25196078,0.26666668,0.28529412,0.3009804,0.30882353,0.31764707,0.3137255,0.30490196,0.30784315,0.30490196,0.2990196,0.30392158,0.28039217,0.32647058,0.35588235,0.3480392,0.34117648,0.32352942,0.38235295,0.6892157,0.90000004,0.9254902,0.9421569,0.9470588,0.5352941,0.5529412,0.54117644,0.5323529,0.53137255,0.49019608,0.4862745,0.4137255,0.25882354,0.3990196,0.6745098,0.79019606,0.8147059,0.85588235,0.72745097,0.56470585,0.62254906,0.5921569,0.5735294,0.56470585,0.53039217,0.5352941,0.51666665,0.51666665,0.49411765,0.504902,0.25,0.29411766,0.3372549,0.7264706,0.73137254,0.6735294,0.27254903,0.28529412,0.28235295,0.2754902,0.28235295,0.27941176,0.34411764,0.28235295,0.28235295,0.71470594,0.6862745,0.6843138,0.6735294,0.64705884,0.32156864,0.34215686,0.3382353,0.32647058,0.32843137,0.3254902,0.38333333,0.36372548,0.30882353,0.28627452,0.30490196,0.3019608,0.26960784,0.44313726,0.54509807,0.59803927,0.5637255,0.55490196,0.34019607,0.47156864,0.4627451,0.40882355,0.5117647,0.5470588,0.33039215,0.48431373,0.3529412,0.5539216,0.46470588,0.36666667,0.5529412,0.8029412,0.8029412,0.80490196,0.8068627,0.80980396,0.80980396,0.8117647,0.8117647,0.80784315,0.80588233,0.80196077,0.7980392,0.7970588,0.8009804,0.80588233,0.80980396,0.8117647,0.25,0.4137255,0.39607844,0.39215687,0.39705884,0.4,0.39509803,0.5656863,0.67058825,0.5901961,0.6058824,0.59411764,0.5333333,0.5588235,0.5176471,0.5264706,0.53627455,0.5441177,0.33039215,0.32352942,0.32352942,0.32254902,0.32156864,0.33039215,0.4401961,0.7058824,0.7411765,0.71568626,0.6911765,0.7264706,0.6911765,0.7294118,0.6019608,0.33333334,0.3362745,0.4117647,0.63235295,0.4852941,0.40294117,0.4745098,0.53039217,0.5029412,0.6098039,0.66862744,0.59313726,0.67156863,0.7970588,0.59803927,0.6392157,0.5382353,0.5382353,0.5676471,0.5852941,0.5529412,0.55588233,0.62647057,0.582353,0.46078432,0.6058824,0.5745098,0.49313724,0.6068628,0.5441177,0.68235296,0.6990196,0.85,0.7078432,0.6156863,0.53039217,0.6401961,0.62058824,0.57941175,0.47941178,0.60588235,0.57549024,0.64705884,0.62745094,0.55784315,0.6156863,0.58823526,0.55784315,0.53137255,0.42941177,1.0,0.86176467,0.9127451,0.8862745,0.9147059,0.9019608,0.8627451,0.8833333,0.9558824,0.95,0.9470588,0.97450984,0.5088235,0.37156862,0.4754902,0.5872549,0.41274512,0.6637255,0.97156864,0.8784314,0.92450976,0.927451,0.35882354,0.38529414,0.82941175,0.8235294,0.80490196,0.5676471,0.49607843,0.7705883,0.60882354,0.6490196,0.6362745,0.6970588,0.7558824,0.77156866
0.33333334,0.33039215,0.3362745,0.33039215,0.33333334,0.32941177,0.327451,0.32843137,0.33431372,0.33235294,0.26666668,0.2617647,0.2617647,0.2637255,0.2647059,0.26568627,0.2647059,0.2647059,0.25980392,0.27156863,0.29117647,0.31176472,0.31764707,0.30392158,0.30392158,0.29509804,0.29803923,0.30490196,0.3156863,0.28529412,0.34901962,0.3735294,0.38039216,0.3745098,0.36078432,0.3480392,0.31470588,0.6137255,0.845098,0.9578431,0.9558824,0.5333333,0.5294118,0.5352941,0.5480392,0.5372549,0.5156863,0.48039216,0.25,0.5637255,0.81078434,0.82843137,0.82058823,0.8009804,0.56666666,0.5921569,0.6147059,0.56666666,0.59313726,0.5617647,0.54607844,0.52254903,0.50784314,0.4754902,0.28431374,0.40784314,0.47843137,0.45490196,0.4372549,0.25196078,0.43627453,0.36862746,0.78137255,0.74215686,0.69509804,0.327451,0.2901961,0.2784314,0.2754902,0.27941176,0.27941176,0.35,0.27941176,0.27941176,0.7009804,0.81078434,0.8029412,0.8019608,0.80588233,0.8039216,0.3127451,0.35686275,0.33431372,0.33431372,0.33137256,0.43235296,0.377451,0.55490196,0.58137256,0.41960785,0.29411766,0.2735294,0.45490196,0.57549024,0.62352943,0.61176467,0.6166667,0.3372549,0.5392157,0.53627455,0.5117647,0.504902,0.47156864,0.3529412,0.35490197,0.3509804,0.52549016,0.5480392,0.42352942,0.5764706,0.732353,0.8176471,0.81960785,0.81960785,0.82058823,0.82058823,0.8186275,0.8147059,0.8156863,0.8147059,0.8117647,0.80784315,0.8068627,0.8088235,0.80980396,0.80980396,0.8039216,0.4117647,0.41274512,0.40490198,0.39117646,0.39509803,0.39607844,0.35196078,0.4509804,0.6686275,0.61372554,0.56666666,0.56078434,0.5852941,0.50686276,0.59705883,0.54607844,0.44803923,0.32254902,0.32647058,0.38333333,0.40392157,0.40686274,0.3892157,0.7372549,0.74215686,0.732353,0.74705887,0.74215686,0.71862745,0.7,0.7117647,0.5323529,0.3362745,0.34509805,0.25,0.39313728,0.5735294,0.55098045,0.57058823,0.6519608,0.5764706,0.4254902,0.4882353,0.8303922,0.5568627,0.5676471,0.69803923,0.6294118,0.6137255,0.5245098,0.7058824,0.6696079,0.6,0.6284314,0.5156863,0.48725492,0.6862745,0.58137256,0.5666667,0.6666666,0.59901965,0.59019613,0.6833334,0.60882354,0.5656863,0.5147059,0.60882354,0.69803923,0.577451,0.5470588,0.41764706,0.61176467,0.5617647,0.75,0.7264706,0.55784315,0.6627451,0.5686275,0.6,0.54313725,0.5568627,0.5156863,0.5156863,0.5137255,0.86470586,0.9235294,0.8568628,0.8794118,0.8,0.88235295,0.9019608,0.9529412,0.9617647,0.25,0.49803922,0.79509807,0.6813725,0.5058824,0.5803922,0.43823528,0.8411765,0.9009804,0.8931372,0.9039216,0.94411767,0.6607843,0.38627452,0.50784314,0.9,0.8627451,0.777451,0.5235294,0.72745097,0.5656863,0.75196075,0.74607843,0.6931373,0.7490196,0.53137255
0.33431372,0.3362745,0.33333334,0.33529413,0.3392157,0.3362745,0.33529413,0.33529413,0.33235294,0.33235294,0.28137255,0.25882354,0.25784314,0.25882354,0.25980392,0.25980392,0.25784314,0.25588235,0.28235295,0.30784315,0.30294117,0.3127451,0.29607844,0.29411766,0.29313725,0.3009804,0.3127451,0.29313725,0.2647059,0.27058825,0.30588236,0.31176472,0.3156863,0.30882353,0.27941176,0.27450982,0.40392157,0.84705883,0.91176474,0.55588233,0.5519608,0.56960785,0.5715686,0.5470588,0.54607844,0.46666667,0.25,0.8568628,0.904902,0.9127451,0.9019608,0.8186275,0.5588235,0.61176467,0.65588236,0.64705884,0.6156863,0.5852941,0.5470588,0.54117644,0.48725492,0.45784312,0.7588235,0.45980394,0.2901961,0.3480392,0.34607843,0.34019607,0.34215686,0.3254902,0.32843137,0.33235294,0.25,0.6696079,0.6303922,0.3647059,0.2784314,0.28529412,0.2882353,0.29117647,0.28431374,0.3647059,0.28431374,0.2784314,0.3392157,0.25,0.33039215,0.45882353,0.58431375,0.67156863,0.7411765,0.36372548,0.32647058,0.34019607,0.32941177,0.4617647,0.4166667,0.42450982,0.29803923,0.29313725,0.48725492,0.5421569,0.5137255,0.60882354,0.6362746,0.6294118,0.6313726,0.32254902,0.6009804,0.5764706,0.3627451,0.2901961,0.43529412,0.49019608,0.3362745,0.2735294,0.27058825,0.52156866,0.5117647,0.49411765,0.5264706,0.82549024,0.82843137,0.8294118,0.8294118,0.82549024,0.8235294,0.8235294,0.8235294,0.8235294,0.822549,0.81960785,0.8186275,0.81764704,0.8147059,0.68039215,0.41568628,0.4166667,0.40294117,0.39705884,0.44313726,0.4745098,0.39215687,0.55588233,0.4862745,0.68039215,0.5960784,0.50392157,0.49509805,0.5323529,0.5568628,0.5666667,0.3245098,0.3392157,0.33235294,0.31764707,0.32254902,0.32352942,0.6627451,0.7372549,0.71274513,0.71470594,0.72450984,0.70882356,0.6892157,0.732353,0.6686275,0.33235294,0.3362745,0.25,0.39117646,0.38431373,0.3745098,0.55,0.63235295,0.5529412,0.58235294,0.53431374,0.72745097,0.56666666,0.5872549,0.60294116,0.7009804,0.62352943,0.66078436,0.82549024,0.6676471,0.62058824,0.6019608,0.7147059,0.8235294,0.7254902,0.47254902,0.4862745,0.57058823,0.55588233,0.58137256,0.7941177,0.6480392,0.4882353,0.4509804,0.62647057,0.65882355,0.62058824,0.6019608,0.46862745,0.60490197,0.57058823,0.6627451,0.6333333,0.5892157,0.49705884,0.5372549,0.48235294,0.45588237,0.5470588,0.55784315,0.60294116,0.5862745,0.49901962,0.677451,0.4617647,0.8980392,0.9245098,0.9382353,0.94509804,0.9411765,0.88529414,0.3480392,0.6,0.6490196,0.78137255,0.8352941,0.7411765,0.5205883,0.8833333,0.92156863,0.91862744,0.91176474,0.9078431,0.93921566,0.9490196,0.97450984,0.40392157,0.53627455,0.88823533,0.83431375,0.8029412,0.72745097,0.5058824,0.66176474,0.72058827,0.75784314,0.52549016,0.5676471,0.5588235
0.3362745,0.31666666,0.327451,0.33039215,0.33235294,0.33333334,0.32843137,0.31862745,0.3245098,0.327451,0.28921568,0.25588235,0.25588235,0.25686276,0.25588235,0.25588235,0.26960784,0.29215688,0.32058823,0.31176472,0.30686274,0.29411766,0.30294117,0.30392158,0.30980393,0.30588236,0.27450982,0.2617647,0.2647059,0.26666668,0.3156863,0.3245098,0.32647058,0.3254902,0.2764706,0.2764706,0.27156863,0.5441177,0.5803921,0.55980396,0.55,0.57058823,0.5441177,0.4911765,0.39411765,0.9666667,0.9852941,0.9882353,0.9852941,0.8862745,0.54117644,0.6166667,0.654902,0.6166667,0.6519608,0.62745094,0.60784316,0.5892157,0.36372548,0.6882353,0.6147059,0.33431372,0.32647058,0.32352942,0.3392157,0.34607843,0.34019607,0.34019607,0.3372549,0.34019607,0.32941177,0.32843137,0.327451,0.3362745,0.30294117,0.36960784,0.28137255,0.27941176,0.3156863,0.27941176,0.28137255,0.34411764,0.2754902,0.2764706,0.3382353,0.5882353,0.6509804,0.66176474,0.79019606,0.7921569,0.7833333,0.74313724,0.33137256,0.34901962,0.33137256,0.35392156,0.44607842,0.43529412,0.39607844,0.29607844,0.31176472,0.31470588,0.36372548,0.35980392,0.4392157,0.4372549,0.60294116,0.33039215,0.6156863,0.55588233,0.34705883,0.31176472,0.30588236,0.29313725,0.2990196,0.29411766,0.3127451,0.50784314,0.54019606,0.34313726,0.56470585,0.8392157,0.8352941,0.8362745,0.8372549,0.8362745,0.8362745,0.8362745,0.8362745,0.83431375,0.8333334,0.83137256,0.83137256,0.8401961,0.45588237,0.42058825,0.41470587,0.40784314,0.3990196,0.6039216,0.73333335,0.377451,0.5627451,0.5656863,0.53627455,0.57843137,0.527451,0.49019608,0.54019606,0.5392157,0.36862746,0.3137255,0.32352942,0.32843137,0.32647058,0.3245098,0.45,0.69803923,0.7147059,0.7294118,0.7137255,0.6872549,0.68333334,0.76862746,0.72745097,0.2882353,0.33431372,0.30882353,0.6333333,0.672549,0.54313725,0.40392157,0.39117646,0.49411765,0.5058824,0.70686275,0.55,0.67941177,0.57450986,0.5392157,0.5647059,0.6666667,0.6343137,0.6696079,0.6333333,0.5421569,0.54509807,0.51274514,0.59313726,0.53431374,0.5509804,0.5735294,0.6196078,0.5568627,0.54509807,0.50784314,0.6666666,0.5058824,0.5333333,0.58137256,0.54019606,0.66176474,0.5862745,0.50686276,0.58137256,0.677451,0.6872549,0.5627451,0.68529415,0.5529412,0.63725495,0.84607846,0.6186274,0.57058823,0.6529412,0.5656863,0.48333335,0.5647059,0.67156863,0.62058824,0.49901962,0.60882354,0.3990196,0.94215685,0.9372549,0.69019604,0.3509804,0.73627454,0.6843137,0.69803923,0.6911765,0.8421569,1.0,0.9166667,0.927451,0.94509804,0.92941177,0.9245098,0.93529415,0.9343137,0.9401961,0.93333334,0.6813726,0.32941177,0.55490196,0.88235295,0.8813726,0.8127451,0.7588236,0.6813725,0.82058823,0.7588235,0.6303922,0.5892157,0.6196078,0.6696079
0.37058824,0.35882354,0.35196078,0.3019608,0.28235295,0.27058825,0.29803923,0.29313725,0.29705882,0.29705882,0.29803923,0.29411766,0.29509804,0.29509804,0.29215688,0.26862746,0.29803923,0.32254902,0.31470588,0.30686274,0.30686274,0.31470588,0.30686274,0.30588236,0.28039217,0.25588235,0.25784314,0.25882354,0.25980392,0.2617647,0.2990196,0.30882353,0.3137255,0.3137255,0.28529412,0.27941176,0.53137255,0.572549,0.55588233,0.55588233,0.5676471,0.5245098,0.4107843,0.29215688,0.30882353,0.31470588,0.25,0.44509804,0.53627455,0.58235294,0.6647059,0.6431373,0.58235294,0.6215687,0.59705883,0.5509804,0.43235296,0.877451,0.49215686,0.34411764,0.34019607,0.34313726,0.33529413,0.3382353,0.34117648,0.32843137,0.31666666,0.31176472,0.32254902,0.33333334,0.34215686,0.33529413,0.32254902,0.33137256,0.33333334,0.3372549,0.29607844,0.26764706,0.31176472,0.26764706,0.27745098,0.34215686,0.2735294,0.28627452,0.3392157,0.31176472,0.26568627,0.64607847,0.79607844,0.4137255,0.41960785,0.6068628,0.34019607,0.3509804,0.34019607,0.3647059,0.36568627,0.44215685,0.41960785,0.38039216,0.29705882,0.41470587,0.504902,0.6186274,0.6245098,0.5568627,0.29215688,0.3382353,0.5352941,0.53431374,0.3156863,0.32941177,0.31666666,0.31176472,0.34607843,0.3509804,0.49705884,0.40294117,0.53627455,0.45784312,0.55784315,0.6166667,0.8421569,0.8421569,0.84411764,0.84411764,0.84411764,0.84411764,0.84411764,0.84313726,0.8411765,0.84019613,0.8392157,0.41470587,0.40588236,0.40588236,0.40294117,0.43627453,0.69509804,0.72450984,0.36764705,0.3764706,0.57941175,0.5205883,0.6098039,0.54117644,0.6627451,0.5833334,0.5156863,0.32058823,0.30980393,0.32156864,0.31666666,0.3156863,0.25490198,0.704902,0.69803923,0.70392156,0.70392156,0.69411767,0.7009804,0.6960784,0.7058824,0.3372549,0.327451,0.32058823,0.46764708,0.54117644,0.5568627,0.51960784,0.49313727,0.39705884,0.37156862,0.4372549,0.5745098,0.59313726,0.60490197,0.6,0.61764705,0.65196085,0.5627451,0.6627451,0.59705883,0.5333333,0.6656863,0.59411764,0.57843137,0.5656863,0.56470585,0.8019608,0.47843137,0.5764706,0.5156863,0.5617647,0.64215684,0.53431374,0.4754902,0.7166667,0.62254906,0.6343137,0.48921567,0.5284314,0.67450976,0.6843138,0.6627451,0.51960784,0.62352943,0.5833334,0.7539216,0.66764706,0.59705883,0.595098,0.5637255,0.65588236,0.51960784,0.5735294,0.59411764,0.577451,0.55588233,0.3137255,0.45882353,0.7911765,0.6539216,0.5568628,0.3990196,0.67941177,0.69411767,0.6441177,0.6882353,0.6784314,0.82450986,0.94803923,0.9578431,0.9519608,0.9470588,0.9607843,0.9529412,0.9509804,0.9490196,0.9382353,0.8803922,0.98137254,0.38039216,0.47058824,0.54019606,0.64705884,0.9029412,0.8254902,0.78431374,0.7441176,0.722549,0.7627451,0.7107843,0.60882354,0.36568627,0.25
0.38529414,0.31764707,0.27941176,0.29313725,0.2764706,0.28235295,0.27745098,0.28137255,0.29215688,0.29215688,0.29411766,0.28235295,0.2872549,0.28431374,0.2784314,0.30392158,0.32647058,0.31764707,0.30980393,0.3019608,0.30980393,0.29607844,0.30882353,0.2754902,0.3627451,0.34411764,0.32941177,0.26764706,0.25,0.25588235,0.25588235,0.25588235,0.25686276,0.25686276,0.35000002,0.51274514,0.5529412,0.5911765,0.57843137,0.52156866,0.5745098,0.25,0.28431374,0.2872549,0.29411766,0.3019608,0.5058824,0.53039217,0.58137256,0.62058824,0.6147059,0.6333333,0.6186274,0.52156866,0.517647,0.8,0.80980396,0.34607843,0.34705883,0.3529412,0.34607843,0.30980393,0.29803923,0.30294117,0.2990196,0.3,0.3,0.3009804,0.2872549,0.2617647,0.29705882,0.34019607,0.32647058,0.32843137,0.32941177,0.327451,0.32352942,0.32058823,0.33529413,0.35490197,0.30784315,0.30490196,0.2754902,0.2990196,0.32941177,0.31176472,0.5098039,0.62254906,0.7558824,0.42450982,0.43235296,0.5588235,0.3372549,0.34901962,0.3764706,0.35,0.35490197,0.37058824,0.46862745,0.4372549,0.4392157,0.45294118,0.4911765,0.6254902,0.62352943,0.6284314,0.62254906,0.34411764,0.6254902,0.39019608,0.42745098,0.5421569,0.53627455,0.30294117,0.49607843,0.39803922,0.39411765,0.25392157,0.48235294,0.5382353,0.43137255,0.5470588,0.84705883,0.8480392,0.85,0.8509804,0.8519608,0.85294116,0.85,0.85,0.8480392,0.8450981,0.3529412,0.4019608,0.39509803,0.3990196,0.50686276,0.6921569,0.32352942,0.3647059,0.3735294,0.37058824,0.58235294,0.6107843,0.5539216,0.49313724,0.6009804,0.32647058,0.3127451,0.32058823,0.31666666,0.31862745,0.30980393,0.6333333,0.7156863,0.71862745,0.69019604,0.7117647,0.6990196,0.67941177,0.68235296,0.4882353,0.32843137,0.33137256,0.2872549,0.5352941,0.51666665,0.74215686,0.6490196,0.5029412,0.5352941,0.35,0.39803922,0.377451,0.6647059,0.64607847,0.64117646,0.5735294,0.6117647,0.6931373,0.5715686,0.5441177,0.65882355,0.65,0.5392157,0.5372549,0.65686274,0.7509804,0.39509803,0.6127451,0.62941176,0.59019613,0.70490193,0.57058823,0.6117647,0.6009804,0.70882356,0.48921567,0.59607846,0.42156863,0.65196085,0.5529412,0.48333335,0.5529412,0.60490197,0.5745098,0.6245098,0.5098039,0.65294117,0.60784316,0.4882353,0.46666667,0.45980394,0.54019606,0.49705884,0.48333335,0.41960785,0.30882353,0.5686275,0.732353,0.72450984,0.7441177,0.7352941,0.66078436,0.6480392,0.7019608,0.58431375,0.51666665,0.91764706,0.9401961,0.9666667,0.9647059,0.9627451,0.96568626,0.9519608,0.92156863,0.9490196,0.83431375,0.2627451,0.69803923,0.68039215,0.96960783,1.0,0.9911765,0.972549,0.5833334,0.89411765,0.85882354,0.82058823,0.6911765,0.7352941,0.7558823,0.6745098,0.49411765,0.83431375,0.77156866
0.30392158,0.29215688,0.28333333,0.28333333,0.29411766,0.29313725,0.2990196,0.3019608,0.30294117,0.30392158,0.30490196,0.29803923,0.29509804,0.28431374,0.30980393,0.3254902,0.31764707,0.32058823,0.3137255,0.3127451,0.30392158,0.30588236,0.2754902,0.36764705,0.35980392,0.36666667,0.36862746,0.37058824,0.36764705,0.31960785,0.2990196,0.29117647,0.2735294,0.2735294,0.4372549,0.517647,0.56078434,0.5911765,0.56960785,0.5117647,0.2901961,0.25784314,0.26862746,0.28333333,0.28431374,0.5735294,0.5872549,0.6627451,0.65,0.63235295,0.6303922,0.6166667,0.59705883,0.42941177,0.3,0.31960785,0.34117648,0.34705883,0.3509804,0.33529413,0.32058823,0.3156863,0.32156864,0.32156864,0.3245098,0.32352942,0.32058823,0.31176472,0.3009804,0.29705882,0.2882353,0.27058825,0.27156863,0.3254902,0.3245098,0.31764707,0.32058823,0.33235294,0.3245098,0.30686274,0.29705882,0.2990196,0.3,0.30490196,0.30392158,0.30980393,0.32647058,0.41470587,0.5029412,0.27058825,0.27156863,0.6372549,0.3372549,0.3392157,0.3872549,0.38529414,0.33333334,0.35196078,0.39117646,0.46764708,0.47156864,0.42352942,0.53627455,0.61764705,0.61764705,0.6313726,0.62647057,0.34411764,0.62058824,0.54117644,0.31764707,0.38627452,0.41470587,0.35392156,0.5117647,0.5676471,0.3509804,0.2901961,0.38431373,0.5235294,0.73627454,0.85882354,0.85490197,0.85784316,0.8598039,0.85882354,0.85882354,0.85784316,0.8568628,0.8539216,0.85294116,0.36372548,0.4,0.3872549,0.39607844,0.5098039,0.6480392,0.38137257,0.36862746,0.38529414,0.3745098,0.39117646,0.5441177,0.5568628,0.53137255,0.4137255,0.5137255,0.5294118,0.32058823,0.32058823,0.31862745,0.49411765,0.7411765,0.72156864,0.7166667,0.6872549,0.69509804,0.6960784,0.672549,0.6019608,0.32254902,0.327451,0.25,0.47745097,0.5911765,0.5901961,0.58235294,0.51274514,0.62352943,0.56078434,0.5872549,0.4117647,0.39509803,0.39607844,0.5735294,0.69411767,0.51274514,0.5441177,0.5137255,0.6058824,0.73921573,0.56078434,0.5,0.6313726,0.55490196,0.6666667,0.5764706,0.7117647,0.64509803,0.67058825,0.6490196,0.65588236,0.66568625,0.6872549,0.7637255,0.5333333,0.5892157,0.45294118,0.56960785,0.59803927,0.5539216,0.58137256,0.55980396,0.6186274,0.6509804,0.6578432,0.6637255,0.5666667,0.54117644,0.5205883,0.46568626,0.5107843,0.48921567,0.49607843,0.44215685,0.2764706,0.64215684,0.7127451,0.76274514,0.79901963,0.80098045,0.78431374,0.7784314,0.57941175,0.65,0.6215686,0.5676471,0.8745098,0.93529415,0.93921566,0.9401961,0.9284314,0.93529415,0.9401961,0.9490196,0.50196075,0.36078432,0.7009804,0.75784314,0.982353,0.9862745,0.9872549,0.9794118,0.68529415,0.9764706,0.80784315,0.8617647,0.527451,0.5833334,0.6019608,0.6215687,0.8039216,0.80588233,0.6813725,0.6539216,0.7441176
0.30294117,0.29705882,0.29411766,0.29705882,0.2882353,0.28921568,0.29509804,0.29117647,0.29411766,0.29607844,0.29117647,0.2764706,0.28921568,0.3137255,0.3254902,0.3245098,0.32352942,0.32058823,0.30980393,0.3019608,0.31176472,0.27745098,0.35882354,0.36862746,0.36372548,0.36372548,0.35686275,0.3754902,0.33529413,0.3009804,0.3009804,0.2901961,0.2735294,0.3647059,0.5284314,0.56078434,0.58823526,0.5686275,0.5235294,0.63431376,0.28235295,0.25,0.25588235,0.25,0.527451,0.58823526,0.6362745,0.58137256,0.60490197,0.5715686,0.6186274,0.61372554,0.3372549,0.28529412,0.28529412,0.33529413,0.3372549,0.34509805,0.34509805,0.34411764,0.33529413,0.34019607,0.35392156,0.3480392,0.34215686,0.34117648,0.32647058,0.3392157,0.32352942,0.31470588,0.29803923,0.2882353,0.25784314,0.27254903,0.28039217,0.31470588,0.30588236,0.3127451,0.33137256,0.31176472,0.3019608,0.2990196,0.2990196,0.30490196,0.30784315,0.30784315,0.30490196,0.32647058,0.40294117,0.30980393,0.29117647,0.3156863,0.33529413,0.32647058,0.40588236,0.43235296,0.4137255,0.40294117,0.38431373,0.4,0.50392157,0.44117647,0.41470587,0.61372554,0.6333333,0.6254902,0.6254902,0.35686275,0.6156863,0.5392157,0.30294117,0.47058824,0.52549016,0.48137257,0.68235296,0.53039217,0.36372548,0.35980392,0.55784315,0.43039215,0.49901962,0.8656863,0.8598039,0.8617647,0.8637255,0.8637255,0.8637255,0.8617647,0.85882354,0.85490197,0.4254902,0.40588236,0.39019608,0.37941176,0.47843137,0.627451,0.5911765,0.3872549,0.39117646,0.39215687,0.3882353,0.37156862,0.63725495,0.6098039,0.31862745,0.31862745,0.4745098,0.6313726,0.3156863,0.27745098,0.6892157,0.6362745,0.6784314,0.67058825,0.7029412,0.6676471,0.6401961,0.66764706,0.29803923,0.3245098,0.27941176,0.5745098,0.42058825,0.6970588,0.5480392,0.56078434,0.5029412,0.60294116,0.6107843,0.7823529,0.7264706,0.5137255,0.39705884,0.39117646,0.4852941,0.6019608,0.6254902,0.5745098,0.6843138,0.58431375,0.44705883,0.60784316,0.5833334,0.6294118,0.6254902,0.45882353,0.49313724,0.8137255,0.5852941,0.5852941,0.5803921,0.55980396,0.5764706,0.53039217,0.50686276,0.49215686,0.54607844,0.6303922,0.4637255,0.79901963,0.7068628,0.7823529,0.64705884,0.5833334,0.5745098,0.7284314,0.5323529,0.5392157,0.5627451,0.5676471,0.56078434,0.62058824,0.377451,0.25588235,0.6068628,0.7254902,0.7754902,0.8235294,0.74509805,0.81078434,0.77450985,0.78627455,0.79901963,0.74607843,0.60588235,0.6392157,0.577451,0.5647059,0.53039217,0.9137255,0.9627451,0.97156864,0.92941177,0.25,0.66078436,0.75196075,0.8568628,0.89705884,0.9137255,0.9882353,0.9852941,0.9794118,0.96862745,0.97843134,0.65882355,0.6754902,0.6588235,0.63235295,0.7127451,0.80784315,0.74215686,0.69411767,0.7558824,0.77254903,0.74705887,0.68921566
0.29803923,0.29215688,0.29313725,0.29607844,0.28921568,0.2872549,0.28921568,0.29509804,0.29117647,0.2882353,0.2735294,0.29509804,0.31764707,0.31764707,0.32254902,0.32352942,0.31960785,0.3127451,0.30392158,0.30882353,0.27941176,0.35588235,0.36764705,0.36078432,0.3627451,0.36372548,0.3627451,0.35196078,0.3009804,0.2872549,0.28627452,0.26862746,0.26568627,0.40784314,0.5686275,0.527451,0.5264706,0.51666665,0.62745094,0.94803923,0.96568626,0.95392156,0.8,0.54117644,0.5980392,0.64411765,0.64705884,0.6362745,0.6127451,0.5686275,0.5421569,0.25784314,0.27156863,0.3382353,0.3245098,0.34705883,0.34411764,0.34215686,0.35,0.35490197,0.34901962,0.34901962,0.3529412,0.35196078,0.34509805,0.34901962,0.34607843,0.33431372,0.32843137,0.32254902,0.3245098,0.30588236,0.2872549,0.25588235,0.27156863,0.28431374,0.31176472,0.30588236,0.44607842,0.33431372,0.31470588,0.28431374,0.28627452,0.29705882,0.30490196,0.30980393,0.31176472,0.30784315,0.40686274,0.33431372,0.2990196,0.3137255,0.33235294,0.3362745,0.3745098,0.42352942,0.4343137,0.43235296,0.4392157,0.41960785,0.40686274,0.4627451,0.41274512,0.36666667,0.36078432,0.36862746,0.37843138,0.33431372,0.6186274,0.5294118,0.30784315,0.44803923,0.54019606,0.56666666,0.6882353,0.5205883,0.5372549,0.34215686,0.6696079,0.28431374,0.52254903,0.5284314,0.43235296,0.45,0.8637255,0.8637255,0.8637255,0.8637255,0.8617647,0.51862746,0.40686274,0.38627452,0.38529414,0.5627451,0.59705883,0.61274517,0.58431375,0.38333333,0.38235295,0.38333333,0.38529414,0.39509803,0.2754902,0.3156863,0.31960785,0.3127451,0.45980394,0.64607847,0.6843138,0.71862745,0.654902,0.66568625,0.69117653,0.6990196,0.672549,0.7009804,0.2901961,0.31960785,0.30784315,0.5637255,0.60392153,0.53039217,0.6303922,0.7166667,0.58823526,0.41568628,0.60490197,0.6009804,0.68333334,0.6627451,0.6098039,0.5294118,0.32843137,0.3882353,0.4107843,0.61960787,0.6666667,0.56078434,0.6107843,0.78137255,0.57450986,0.5,0.4882353,0.5294118,0.7490196,0.50784314,0.39313728,0.51666665,0.57450986,0.71960783,0.62058824,0.4911765,0.582353,0.46568626,0.5117647,0.52549016,0.6362745,0.61372554,0.8009804,0.59313726,0.6098039,0.6480392,0.7676471,0.83725494,0.46666667,0.5147059,0.60784316,0.6264706,0.73039216,0.5352941,0.32156864,0.38333333,0.64607847,0.7921569,0.75,0.76274514,0.82843137,0.8127451,0.82843137,0.7588235,0.8019608,0.86764705,0.76666665,0.7558824,0.55784315,0.6254902,0.63823533,0.5735294,0.5382353,0.5323529,0.50196075,0.39117646,0.76274514,0.62254906,0.8813726,0.88529414,0.90686274,0.9039216,0.90392154,0.93039215,0.9529412,0.93333334,0.25,0.29705882,0.25,0.6009804,0.7745098,0.74705887,0.72058827,0.7107843,0.7441176,0.7882353,0.7892157,0.7637255,0.74215686,0.73333335
0.28235295,0.28921568,0.28921568,0.2872549,0.2872549,0.28921568,0.28921568,0.2901961,0.28627452,0.2764706,0.3019608,0.31666666,0.31470588,0.31862745,0.32352942,0.32156864,0.31862745,0.3107843,0.3009804,0.28235295,0.34607843,0.35980392,0.36078432,0.36764705,0.3627451,0.37058824,0.35784313,0.30392158,0.29411766,0.28627452,0.26764706,0.26764706,0.2754902,0.422549,0.55,0.50686276,0.5264706,0.65882355,0.9754902,0.9313725,0.97156864,0.9705882,0.52549016,0.5441177,0.64607847,0.6607843,0.6313726,0.58823526,0.577451,0.517647,0.48039216,0.9117647,0.3362745,0.34313726,0.34901962,0.2647059,0.34411764,0.34411764,0.3509804,0.35196078,0.34509805,0.3480392,0.34901962,0.34411764,0.33431372,0.3372549,0.34117648,0.32941177,0.32254902,0.3245098,0.3245098,0.3245098,0.30490196,0.2901961,0.2627451,0.2882353,0.3019608,0.31960785,0.3372549,0.34117648,0.34117648,0.30392158,0.29705882,0.3019608,0.29117647,0.29411766,0.32058823,0.2901961,0.2872549,0.2784314,0.2784314,0.32254902,0.3480392,0.34901962,0.35980392,0.39117646,0.4254902,0.4372549,0.44215685,0.43627453,0.3392157,0.4107843,0.44313726,0.42450982,0.5372549,0.35882354,0.40490198,0.3254902,0.5539216,0.43529412,0.3745098,0.37156862,0.36764705,0.35980392,0.35686275,0.3529412,0.36568627,0.39117646,0.42058825,0.28627452,0.54313725,0.5235294,0.84411764,0.46176472,0.4490196,0.5323529,0.7411765,0.87254906,0.8421569,0.4019608,0.3882353,0.38137257,0.65,0.6196078,0.59705883,0.6009804,0.5264706,0.38137257,0.37941176,0.3892157,0.35196078,0.31470588,0.32254902,0.29607844,0.30294117,0.3107843,0.4166667,0.5764706,0.66764706,0.6127451,0.672549,0.6529412,0.6284314,0.6921569,0.45392156,0.31666666,0.3137255,0.4107843,0.60490197,0.47941178,0.69117653,0.63235295,0.61960787,0.4343137,0.6166667,0.44411767,0.63235295,0.47941178,0.5441177,0.48431373,0.3529412,0.59411764,0.39019608,0.39313728,0.3872549,0.57941175,0.54313725,0.577451,0.527451,0.59607846,0.6245098,0.6813726,0.7519608,0.63725495,0.5,0.527451,0.4862745,0.48725492,0.5284314,0.55490196,0.57450986,0.5284314,0.5235294,0.5764706,0.69509804,0.672549,0.5245098,0.65588236,0.6147059,0.59607846,0.59411764,0.65588236,0.42450982,0.59705883,0.6392157,0.69509804,0.57843137,0.47058824,0.31666666,0.4754902,0.7009804,0.7764706,0.7637255,0.7705882,0.7852941,0.80588233,0.8137255,0.75784314,0.7833333,0.7892157,0.68039215,0.73333335,0.82549024,0.85588235,0.78039217,0.6166667,0.62352943,0.5862745,0.53039217,0.5205883,0.5147059,0.595098,0.91176474,0.9313725,0.8872549,0.8980392,0.8901961,0.8901961,0.80588233,0.25,0.3009804,0.29607844,0.29411766,0.4,0.6578431,0.65686274,0.71568626,0.76862746,0.8362745,0.777451,0.71372545,0.7068628,0.7235294,0.6901961,0.76274514,0.74607843
0.28529412,0.2882353,0.27941176,0.29509804,0.29117647,0.29215688,0.29117647,0.28921568,0.27156863,0.30490196,0.31764707,0.3107843,0.3127451,0.32352942,0.32352942,0.31666666,0.31176472,0.30490196,0.28235295,0.35392156,0.377451,0.36568627,0.35686275,0.37058824,0.36764705,0.34019607,0.29215688,0.29607844,0.2872549,0.27058825,0.27156863,0.26764706,0.28529412,0.47352943,0.4754902,0.50392157,0.55784315,0.7058823,0.91764706,0.99215686,0.9647059,0.48235294,0.5715686,0.6068628,0.64411765,0.6186274,0.5676471,0.57843137,0.54607844,0.4019608,0.9666667,0.35588235,0.36568627,0.34117648,0.35196078,0.3509804,0.33137256,0.33431372,0.26862746,0.34019607,0.3382353,0.34215686,0.34509805,0.3392157,0.3245098,0.3245098,0.3245098,0.327451,0.32352942,0.31764707,0.3245098,0.31176472,0.327451,0.3009804,0.30490196,0.27058825,0.29117647,0.2990196,0.3382353,0.34313726,0.34509805,0.35784313,0.29215688,0.29411766,0.29215688,0.29117647,0.28627452,0.2990196,0.28235295,0.29607844,0.30392158,0.38039216,0.39509803,0.3892157,0.46960783,0.4852941,0.36960784,0.34117648,0.42941177,0.41764706,0.33529413,0.3362745,0.42058825,0.43529412,0.36078432,0.29705882,0.28235295,0.33333334,0.49509805,0.50784314,0.39705884,0.47941178,0.5352941,0.5686275,0.67058825,0.5205883,0.5382353,0.5264706,0.34215686,0.63235295,0.8568628,0.527451,0.5098039,0.8656863,0.8666667,0.8764706,0.7009804,0.30980393,0.4019608,0.39509803,0.64411765,0.6127451,0.6294118,0.6313726,0.59411764,0.6166667,0.51862746,0.38039216,0.38137257,0.32058823,0.3137255,0.34607843,0.25784314,0.29607844,0.32647058,0.5205883,0.6303922,0.5264706,0.64607847,0.63235295,0.572549,0.672549,0.5911765,0.3156863,0.3156863,0.25,0.5519608,0.527451,0.5431373,0.7294118,0.61764705,0.5392157,0.55490196,0.55588233,0.52549016,0.59019613,0.5803922,0.5803921,0.6019608,0.52254903,0.5490196,0.74607843,0.41470587,0.39705884,0.3735294,0.49705884,0.4637255,0.49803922,0.64117646,0.6098039,0.57450986,0.45392156,0.5382353,0.54607844,0.47254902,0.42156863,0.5392157,0.51960784,0.47745097,0.57941175,0.63725495,0.5333333,0.60784316,0.54509807,0.504902,0.57549024,0.64705884,0.4019608,0.66176474,0.5803922,0.44411767,0.5735294,0.654902,0.57254905,0.4637255,0.48431373,0.33529413,0.5676471,0.7519608,0.82156867,0.7343137,0.7539216,0.75392157,0.74313724,0.7627451,0.79019606,0.75980395,0.69411767,0.7137255,0.6627451,0.7519608,0.7764706,0.73627454,0.71862745,0.6696079,0.43137255,0.64509803,0.64607847,0.55980396,0.5264706,0.82843137,0.8980392,0.9147059,0.89705884,0.8862745,0.8333334,0.5568627,0.3019608,0.3019608,0.29607844,0.25,0.6098039,0.59901965,0.5333333,0.6009804,0.6392157,0.7382353,0.7764706,0.7147059,0.6431373,0.6980392,0.6872549,0.65686274,0.6862745,0.6401961,0.6303922
0.29117647,0.29215688,0.28921568,0.29215688,0.2882353,0.2901961,0.28627452,0.27450982,0.3,0.3127451,0.31470588,0.30980393,0.31960785,0.32058823,0.31862745,0.30980393,0.31176472,0.2784314,0.35784313,0.3647059,0.37156862,0.37843138,0.36960784,0.3480392,0.30294117,0.29117647,0.29215688,0.28921568,0.27450982,0.26960784,0.27254903,0.26568627,0.2872549,0.47254902,0.5294118,0.42156863,0.8715686,0.8352941,0.972549,0.8901961,0.4745098,0.5137255,0.5735294,0.6392157,0.6392157,0.51862746,0.56960785,0.5372549,0.45,0.94705886,0.31764707,0.36372548,0.35882354,0.3392157,0.34215686,0.34411764,0.33039215,0.3509804,0.35980392,0.36078432,0.33529413,0.3019608,0.32352942,0.32352942,0.32156864,0.31960785,0.31764707,0.32843137,0.32352942,0.31176472,0.3245098,0.33137256,0.35196078,0.3392157,0.3,0.3127451,0.29313725,0.29509804,0.31862745,0.35,0.35490197,0.3509804,0.33137256,0.34509805,0.29509804,0.29607844,0.30294117,0.29705882,0.31862745,0.3107843,0.3107843,0.42450982,0.41568628,0.4117647,0.37941176,0.34509805,0.34901962,0.34509805,0.34117648,0.33529413,0.33235294,0.34509805,0.35686275,0.41764706,0.36862746,0.4,0.33529413,0.34607843,0.5058824,0.527451,0.47843137,0.49313727,0.45882353,0.47156864,0.5637255,0.51862746,0.527451,0.5382353,0.37254903,0.3245098,0.86078435,0.25,0.49705884,0.87254906,0.86960787,0.8715686,0.8745098,0.5529412,0.45588237,0.659804,0.62254906,0.6490196,0.61764705,0.65686274,0.61372554,0.6137255,0.51960784,0.32058823,0.32254902,0.44215685,0.5107843,0.3656863,0.25,0.5588236,0.56960785,0.5666667,0.6068628,0.5107843,0.60882354,0.6578431,0.66078436,0.30588236,0.32156864,0.26862746,0.52156866,0.4862745,0.55098045,0.6539216,0.582353,0.5107843,0.49215686,0.504902,0.52745104,0.6156863,0.6450981,0.5676471,0.7607843,0.49803922,0.5852941,0.6254902,0.61960787,0.5509804,0.34509805,0.35588235,0.37843138,0.44313726,0.60784316,0.6401961,0.6480392,0.5666667,0.48725492,0.40980393,0.55784315,0.50196075,0.55980396,0.50686276,0.48039216,0.54901963,0.5431373,0.5264706,0.5107843,0.5333333,0.5117647,0.56960785,0.6362746,0.5803921,0.5107843,0.4745098,0.60490197,0.7490196,0.84803927,0.5098039,0.5107843,0.49019608,0.46470588,0.6215686,0.8039216,0.7401961,0.7362745,0.7509804,0.7784314,0.8147059,0.79607844,0.78431374,0.7941177,0.7127451,0.74509805,0.78333336,0.81666666,0.7892157,0.7264706,0.6784314,0.52156866,0.29117647,0.29117647,0.29117647,0.28921568,0.38431373,0.6343137,0.504902,0.43529412,0.84803927,0.8901961,0.76862746,0.25,0.29803923,0.29705882,0.2882353,0.42745098,0.5676471,0.5470588,0.5284314,0.49313724,0.50392157,0.58431375,0.6303922,0.7137255,0.7205882,0.70686275,0.7068628,0.6813725,0.6392157,0.62745094,0.5921569,0.7352941,0.7117647
0.2872549,0.28627452,0.29117647,0.2882353,0.2882353,0.28529412,0.2764706,0.2990196,0.30294117,0.31764707,0.30980393,0.32156864,0.3107843,0.3156863,0.30882353,0.31666666,0.28137255,0.35980392,0.3735294,0.38039216,0.37941176,0.38039216,0.36372548,0.34215686,0.29411766,0.29411766,0.28529412,0.27450982,0.27058825,0.26764706,0.26862746,0.27745098,0.33039215,0.44117647,0.25,0.77156866,0.95980394,0.9411765,0.9235294,0.65588236,0.527451,0.5519608,0.63431376,0.577451,0.49411765,0.55588233,0.56078434,0.54117644,0.9490196,0.25,0.3647059,0.36862746,0.35784313,0.35392156,0.35686275,0.35784313,0.34607843,0.36764705,0.35,0.35588235,0.32843137,0.36372548,0.3617647,0.35490197,0.31862745,0.3009804,0.33333334,0.33431372,0.32941177,0.32352942,0.32058823,0.31764707,0.33039215,0.3392157,0.3529412,0.33235294,0.31960785,0.28039217,0.29313725,0.34901962,0.34607843,0.35784313,0.36078432,0.36960784,0.3009804,0.30882353,0.30588236,0.30294117,0.30490196,0.3127451,0.3127451,0.43235296,0.4284314,0.4117647,0.35392156,0.3009804,0.29313725,0.29411766,0.31666666,0.3254902,0.3127451,0.3254902,0.33235294,0.35,0.39019608,0.37156862,0.3764706,0.39313728,0.40294117,0.3990196,0.4009804,0.41470587,0.42156863,0.44509804,0.46470588,0.49901962,0.49803922,0.5323529,0.5529412,0.32156864,0.4254902,0.28137255,0.49509805,0.504902,0.6539216,0.6823529,0.48137254,0.65686274,0.6431372,0.6872549,0.6392157,0.6215687,0.64705884,0.5382353,0.5764706,0.54019606,0.3107843,0.33431372,0.44705883,0.504902,0.50392157,0.4107843,0.57941175,0.60294116,0.5637255,0.58823526,0.5892157,0.422549,0.48725492,0.49411765,0.28921568,0.3156863,0.4166667,0.42156863,0.4009804,0.4745098,0.4617647,0.49019608,0.4745098,0.49803922,0.63529414,0.6156863,0.54509807,0.49705884,0.42058825,0.5156863,0.54607844,0.5431373,0.5519608,0.67156863,0.41568628,0.5656863,0.56078434,0.3617647,0.36960784,0.3745098,0.46960783,0.55588233,0.46862745,0.65098035,0.57549024,0.62058824,0.5921569,0.61176467,0.4009804,0.5637255,0.5382353,0.49803922,0.5637255,0.4970588,0.55098045,0.57549024,0.50196075,0.55098045,0.5245098,0.47058824,0.5284314,0.5009804,0.60294116,0.41274512,0.5264706,0.327451,0.33235294,0.69509804,0.7647059,0.7852942,0.7009804,0.75,0.7764706,0.7411765,0.71960783,0.7313726,0.71960783,0.7264706,0.7343137,0.69803923,0.7294118,0.73039216,0.67647064,0.6598039,0.30980393,0.29803923,0.29215688,0.29313725,0.28921568,0.2882353,0.29117647,0.29313725,0.28921568,0.25,0.44509804,0.39215687,0.28431374,0.2882353,0.2901961,0.25,0.5382353,0.53431374,0.5107843,0.5098039,0.48921567,0.47058824,0.42058825,0.4,0.4764706,0.6264706,0.70686275,0.6980392,0.66176474,0.6,0.6215687,0.6921569,0.7794118,0.30588236,0.28627452,0.28921568
0.28235295,0.28529412,0.2872549,0.2872549,0.28431374,0.27745098,0.29803923,0.30686274,0.31764707,0.3137255,0.31470588,0.3127451,0.3107843,0.30490196,0.3019608,0.2872549,0.3647059,0.3764706,0.3872549,0.39117646,0.37254903,0.3764706,0.36568627,0.3009804,0.29705882,0.28921568,0.27745098,0.27156863,0.26764706,0.26764706,0.2647059,0.26764706,0.37254903,0.3245098,0.7784314,0.8068628,0.9490196,0.98333335,0.92352945,0.5294118,0.53627455,0.6313726,0.59901965,0.5441177,0.5235294,0.48725492,0.5058824,0.7745098,0.5107843,0.35686275,0.36862746,0.36764705,0.35196078,0.35686275,0.34117648,0.34607843,0.35588235,0.35686275,0.33333334,0.35588235,0.34019607,0.3627451,0.36078432,0.3647059,0.37156862,0.36764705,0.36568627,0.33137256,0.30882353,0.327451,0.33529413,0.327451,0.33137256,0.32941177,0.34901962,0.34117648,0.32647058,0.30980393,0.29705882,0.29313725,0.35588235,0.3617647,0.35490197,0.35,0.2990196,0.36568627,0.30784315,0.3107843,0.2882353,0.3137255,0.32156864,0.43529412,0.42156863,0.42745098,0.6,0.53137255,0.5294118,0.517647,0.5372549,0.55784315,0.49607843,0.5264706,0.5480392,0.34411764,0.35784313,0.38529414,0.3509804,0.31764707,0.46568626,0.4254902,0.41568628,0.38627452,0.37058824,0.37843138,0.35784313,0.3362745,0.3245098,0.31470588,0.29803923,0.34411764,0.32647058,0.38137257,0.49313727,0.5098039,0.5735294,0.6362746,0.71862745,0.6627451,0.68529415,0.5901961,0.60882354,0.62352943,0.60882354,0.50784314,0.28921568,0.30392158,0.41470587,0.44117647,0.5147059,0.7656863,0.7607843,0.78627455,0.7441177,0.7823529,0.73725486,0.74607843,0.80490196,0.59313726,0.86470586,0.62254906,0.5058824,0.5264706,0.41568628,0.37156862,0.48431373,0.4764706,0.51862746,0.60882354,0.49019608,0.5382353,0.39803922,0.5921569,0.5421569,0.55098045,0.44313726,0.64215684,0.5519608,0.527451,0.50196075,0.59705883,0.60882354,0.5264706,0.5852941,0.36568627,0.38137257,0.38431373,0.54019606,0.5676471,0.5686275,0.6303922,0.53627455,0.527451,0.45392156,0.68039215,0.5441177,0.5441177,0.49411765,0.5411765,0.5627451,0.63431376,0.6156863,0.7343137,0.5529412,0.6401961,0.6343137,0.48333335,0.4392157,0.44705883,0.5284314,0.32843137,0.4882353,0.7490196,0.7637255,0.69705886,0.73039216,0.7,0.7294118,0.68039215,0.7352941,0.76960784,0.754902,0.5901961,0.70980394,0.67941177,0.6647059,0.6745098,0.6313726,0.54607844,0.2627451,0.29705882,0.29607844,0.29313725,0.29313725,0.28529412,0.28627452,0.29117647,0.29509804,0.28333333,0.2872549,0.2872549,0.2735294,0.25686276,0.32352942,0.42941177,0.54117644,0.5009804,0.49803922,0.4627451,0.43137255,0.45588237,0.42647058,0.37254903,0.35,0.38137257,0.54117644,0.55980396,0.56960785,0.7058824,0.6833334,0.68235296,0.5323529,0.28039217,0.28333333,0.2872549,0.2754902,0.4911765
0.28235295,0.28627452,0.28039217,0.28529412,0.27450982,0.29215688,0.30784315,0.3137255,0.3137255,0.30784315,0.30686274,0.31176472,0.30686274,0.3,0.29313725,0.35980392,0.38235295,0.3892157,0.38627452,0.38039216,0.38431373,0.37941176,0.32058823,0.29705882,0.29313725,0.28529412,0.26862746,0.26764706,0.26764706,0.27941176,0.2784314,0.28137255,0.32647058,0.65882355,0.904902,0.80784315,0.95882356,0.68039215,0.49607843,0.5490196,0.6303922,0.59705883,0.527451,0.4911765,0.5245098,0.49411765,0.5921569,0.93333334,0.35686275,0.36764705,0.37058824,0.35980392,0.35686275,0.35980392,0.35392156,0.36078432,0.35392156,0.35784313,0.36666667,0.34901962,0.34607843,0.34117648,0.36568627,0.36666667,0.3754902,0.3754902,0.3745098,0.36862746,0.35490197,0.36568627,0.31960785,0.30784315,0.34215686,0.34705883,0.34705883,0.34117648,0.33235294,0.31470588,0.28137255,0.29411766,0.34117648,0.35686275,0.34705883,0.34019607,0.2754902,0.34705883,0.27058825,0.27254903,0.2735294,0.3245098,0.31862745,0.44313726,0.42058825,0.422549,0.34705883,0.38137257,0.39313728,0.40882355,0.40588236,0.43137255,0.44803923,0.59313726,0.49313727,0.27156863,0.28529412,0.30392158,0.35196078,0.3245098,0.39313728,0.5245098,0.4392157,0.49803922,0.48137257,0.44509804,0.4401961,0.41960785,0.45294118,0.4882353,0.85294116,0.85490197,0.25,0.38333333,0.8352941,0.4745098,0.5147059,0.6735294,0.6186274,0.70392156,0.65882355,0.64705884,0.6313726,0.6039216,0.36568627,0.2990196,0.4009804,0.40294117,0.58431375,0.5676471,0.60882354,0.70490193,0.7519608,0.50686276,0.6362745,0.5715686,0.6431373,0.704902,0.8147059,0.72450984,0.76666665,0.71372545,0.78431374,0.7372549,0.4735294,0.5382353,0.3745098,0.4166667,0.47156864,0.46568626,0.60294116,0.55980396,0.5323529,0.51666665,0.48137254,0.60588235,0.46470588,0.48333335,0.46568626,0.49803922,0.52549016,0.50392157,0.50392157,0.6166667,0.5656863,0.45392156,0.3745098,0.3529412,0.5235294,0.4745098,0.55588233,0.5431373,0.49509805,0.5735294,0.56960785,0.577451,0.4852941,0.48921567,0.51862746,0.6156863,0.5862745,0.46666667,0.35784313,0.5294118,0.5892157,0.6686275,0.4617647,0.5147059,0.54509807,0.31960785,0.5431373,0.654902,0.6911765,0.75,0.74509805,0.71568626,0.75980395,0.75,0.7441177,0.6882353,0.69803923,0.7029412,0.672549,0.6431372,0.62254906,0.6333333,0.6098039,0.48333335,0.3009804,0.29411766,0.29411766,0.29509804,0.30392158,0.28039217,0.29411766,0.29313725,0.2872549,0.28529412,0.2882353,0.2784314,0.2735294,0.27058825,0.25,0.52156866,0.50392157,0.49901962,0.46078432,0.44215685,0.43529412,0.43333334,0.39019608,0.36078432,0.34215686,0.34607843,0.35490197,0.40980393,0.5421569,0.6019608,0.6882353,0.6480392,0.25,0.28627452,0.28529412,0.29215688,0.35784313,0.5568627,0.5617647,0.56078434
0.27254903,0.27745098,0.28137255,0.27941176,0.29411766,0.30588236,0.30784315,0.3127451,0.30490196,0.30588236,0.3127451,0.30784315,0.30686274,0.29607844,0.34019607,0.36764705,0.38137257,0.38333333,0.38333333,0.38431373,0.38039216,0.35882354,0.29705882,0.2882353,0.28235295,0.2617647,0.26764706,0.2647059,0.27156863,0.2764706,0.28039217,0.2754902,0.48529413,0.9754902,0.95490193,0.92352945,0.9235294,0.4862745,0.5245098,0.6166667,0.58137256,0.5333333,0.5235294,0.5147059,0.5137255,0.36568627,0.98137254,0.34117648,0.34705883,0.35490197,0.35392156,0.35196078,0.35784313,0.34607843,0.34705883,0.35980392,0.36078432,0.35490197,0.3529412,0.3480392,0.35882354,0.3509804,0.35,0.35980392,0.3754902,0.377451,0.3627451,0.3647059,0.36764705,0.3627451,0.36078432,0.3372549,0.34117648,0.30588236,0.31666666,0.35196078,0.34607843,0.33039215,0.30784315,0.2990196,0.2990196,0.3509804,0.34313726,0.327451,0.3372549,0.2647059,0.25980392,0.25392157,0.27254903,0.4,0.36372548,0.44117647,0.4343137,0.43235296,0.25,0.3137255,0.4,0.5617647,0.28431374,0.2901961,0.29215688,0.56960785,0.5637255,0.46862745,0.34901962,0.32352942,0.34705883,0.40882355,0.29509804,0.2637255,0.32647058,0.33333334,0.25,0.477451,0.4882353,0.5156863,0.4892157,0.6127451,0.84901965,0.85294116,0.85588235,0.34215686,0.53137255,0.5235294,0.52254903,0.6656863,0.68921566,0.6392157,0.64411765,0.59313726,0.577451,0.29313725,0.29803923,0.47843137,0.4137255,0.7019608,0.71568626,0.50392157,0.6166667,0.60588235,0.6735294,0.5205883,0.65588236,0.63823533,0.7009804,0.75098044,0.6156863,0.5421569,0.75098044,0.6166667,0.6843138,0.71372545,0.8362745,0.65686274,0.42647058,0.5147059,0.53039217,0.48235294,0.504902,0.51666665,0.46078432,0.5666667,0.48235294,0.41764706,0.40784314,0.5470588,0.627451,0.44411767,0.43137255,0.54607844,0.5372549,0.51960784,0.5284314,0.39019608,0.35588235,0.38431373,0.36666667,0.59901965,0.4509804,0.50392157,0.51274514,0.57058823,0.48725492,0.61176467,0.82450986,0.7676471,0.50784314,0.52549016,0.5156863,0.45882353,0.5735294,0.45980394,0.47156864,0.5323529,0.4852941,0.25,0.6333333,0.5901961,0.5382353,0.65882355,0.6990196,0.71960783,0.71960783,0.6990197,0.54019606,0.63725495,0.5529412,0.6127451,0.65588236,0.6676471,0.69411767,0.68921566,0.7078432,0.25196078,0.3,0.27745098,0.29509804,0.2784314,0.28235295,0.29509804,0.2872549,0.29313725,0.2882353,0.28431374,0.2882353,0.2764706,0.27254903,0.2647059,0.32156864,0.40588236,0.44117647,0.42647058,0.42352942,0.42450982,0.3990196,0.3892157,0.35784313,0.3382353,0.3529412,0.35196078,0.34509805,0.36372548,0.46862745,0.5098039,0.5872549,0.31960785,0.29705882,0.29411766,0.29215688,0.28921568,0.42941177,0.50686276,0.46862745,0.4745098,0.46862745,0.4911765
0.27450982,0.27745098,0.27156863,0.29117647,0.30882353,0.30686274,0.30686274,0.30392158,0.29607844,0.30588236,0.30882353,0.30588236,0.31176472,0.30392158,0.3617647,0.37156862,0.37843138,0.38137257,0.39019608,0.39117646,0.39509803,0.3362745,0.29705882,0.28431374,0.26862746,0.26666668,0.26568627,0.2764706,0.2764706,0.27058825,0.27254903,0.2872549,0.7058824,0.8686274,0.9627451,0.88529414,0.5519608,0.52254903,0.5617647,0.6156863,0.5156863,0.5352941,0.48235294,0.50392157,0.5029412,0.954902,0.25,0.34313726,0.34215686,0.35588235,0.35392156,0.36666667,0.36568627,0.36372548,0.3647059,0.34215686,0.34901962,0.35588235,0.3529412,0.36372548,0.3647059,0.36372548,0.36372548,0.36568627,0.35980392,0.37156862,0.36960784,0.35882354,0.35784313,0.36078432,0.36372548,0.34313726,0.34215686,0.327451,0.32156864,0.34215686,0.32254902,0.30588236,0.31666666,0.28627452,0.3019608,0.327451,0.34607843,0.34509805,0.33333334,0.25,0.25,0.25,0.27450982,0.4372549,0.38627452,0.45392156,0.44509804,0.4401961,0.2764706,0.3107843,0.45686275,0.28235295,0.29705882,0.2882353,0.4,0.5352941,0.5745098,0.44509804,0.34705883,0.35196078,0.33137256,0.29509804,0.25,0.40882355,0.25,0.2617647,0.25,0.35490197,0.2647059,0.25,0.52254903,0.48235294,0.5205883,0.39117646,0.41274512,0.52549016,0.5235294,0.53137255,0.5029412,0.68039215,0.6872549,0.6882353,0.64117646,0.25,0.28529412,0.4509804,0.45980394,0.38431373,0.44803923,0.80588233,0.6578431,0.46568626,0.5921569,0.6754902,0.58137256,0.5852941,0.5627451,0.70000005,0.63725495,0.6392157,0.55490196,0.6147059,0.53137255,0.55490196,0.6529412,0.7558824,0.75,0.7764706,0.78333336,0.5009804,0.5352941,0.39705884,0.4627451,0.42450982,0.44607842,0.47058824,0.4117647,0.49509805,0.4745098,0.49509805,0.54117644,0.5656863,0.52156866,0.47156864,0.39803922,0.47058824,0.6137255,0.5117647,0.36078432,0.36568627,0.35980392,0.50686276,0.517647,0.5058824,0.46764708,0.5382353,0.5539216,0.504902,0.46666667,0.4862745,0.4745098,0.44803923,0.64705884,0.50392157,0.4970588,0.44705883,0.3509804,0.25980392,0.677451,0.6333333,0.5745098,0.5656863,0.63529414,0.6637255,0.7225491,0.7490196,0.6068628,0.5715686,0.60882354,0.6872549,0.72450984,0.68921566,0.6960784,0.67647064,0.57549024,0.2647059,0.2872549,0.28431374,0.2872549,0.25588235,0.25392157,0.26666668,0.27156863,0.2735294,0.27254903,0.2882353,0.27745098,0.2735294,0.26666668,0.25686276,0.32843137,0.327451,0.3127451,0.34705883,0.39313728,0.40294117,0.39705884,0.377451,0.34313726,0.34901962,0.34705883,0.35392156,0.35588235,0.39607844,0.3627451,0.44705883,0.39019608,0.29803923,0.29411766,0.3009804,0.29607844,0.2764706,0.25,0.4754902,0.4627451,0.42352942,0.40980393,0.38431373,0.2872549,0.28333333
0.26764706,0.2764706,0.27745098,0.3107843,0.31176472,0.30784315,0.31470588,0.30784315,0.31764707,0.3009804,0.31470588,0.30392158,0.26960784,0.36764705,0.37843138,0.37058824,0.37254903,0.377451,0.3882353,0.39509803,0.38529414,0.30392158,0.29313725,0.28039217,0.2637255,0.2617647,0.28235295,0.27941176,0.2764706,0.2754902,0.28137255,0.29215688,0.8009804,0.9147059,0.9637255,0.8294118,0.517647,0.5323529,0.5862745,0.5980392,0.4862745,0.51862746,0.4166667,0.48725492,0.704902,0.74313724,0.3617647,0.35392156,0.33529413,0.34313726,0.3509804,0.36862746,0.3754902,0.37254903,0.36764705,0.3617647,0.37254903,0.3735294,0.35392156,0.35392156,0.36666667,0.36764705,0.36666667,0.35980392,0.36960784,0.36960784,0.37156862,0.35980392,0.35882354,0.3647059,0.35686275,0.35882354,0.327451,0.3254902,0.3156863,0.3362745,0.35882354,0.34215686,0.32647058,0.28431374,0.2901961,0.29705882,0.3362745,0.35882354,0.34607843,0.7352941,0.75,0.722549,0.2735294,0.4254902,0.41862744,0.44509804,0.43235296,0.42058825,0.62352943,0.5294118,0.5294118,0.30882353,0.36764705,0.4117647,0.5107843,0.52254903,0.5588235,0.422549,0.36568627,0.3754902,0.44705883,0.45588237,0.25,0.34901962,0.30980393,0.25,0.39215687,0.36960784,0.40980393,0.3107843,0.3745098,0.25,0.25,0.5245098,0.51862746,0.5372549,0.5284314,0.5117647,0.55784315,0.6509804,0.6509804,0.5009804,0.6362745,0.2735294,0.3509804,0.45686275,0.51960784,0.46862745,0.6166667,0.6843138,0.6578431,0.45980394,0.4137255,0.5235294,0.47843137,0.3745098,0.31176472,0.31960785,0.3382353,0.43823528,0.62254906,0.6,0.5254902,0.45980394,0.6019608,0.6019608,0.70686275,0.74509805,0.79901963,0.75196075,0.50686276,0.5490196,0.42450982,0.44313726,0.4254902,0.4627451,0.5264706,0.4637255,0.43627453,0.5352941,0.4509804,0.49607843,0.5,0.4509804,0.45,0.46568626,0.4617647,0.49313724,0.34411764,0.35588235,0.3509804,0.44607842,0.5098039,0.49901962,0.48137254,0.52549016,0.4911765,0.52254903,0.6784314,0.70392156,0.43235296,0.40784314,0.4970588,0.4343137,0.30980393,0.42058825,0.67352945,0.5235294,0.6166667,0.66176474,0.5009804,0.5009804,0.6166667,0.654902,0.6098039,0.49313724,0.6990196,0.6529412,0.654902,0.6519608,0.7117647,0.7176471,0.40686274,0.3,0.28235295,0.28529412,0.28235295,0.25,0.2627451,0.27058825,0.27058825,0.2764706,0.2784314,0.27941176,0.27941176,0.28137255,0.2764706,0.30882353,0.31960785,0.31764707,0.32843137,0.3362745,0.3509804,0.3509804,0.3529412,0.3509804,0.34313726,0.33235294,0.34215686,0.35,0.35,0.36960784,0.39803922,0.38627452,0.29607844,0.29509804,0.2990196,0.29803923,0.3,0.27058825,0.25,0.39509803,0.46862745,0.44411767,0.42647058,0.37843138,0.28137255,0.28137255,0.29803923,0.3009804
0.27058825,0.27058825,0.30588236,0.30980393,0.30686274,0.30294117,0.29803923,0.31862745,0.3009804,0.3107843,0.3019608,0.2764706,0.36764705,0.38137257,0.38235295,0.39019608,0.39019608,0.3892157,0.39509803,0.39313728,0.36862746,0.29117647,0.27941176,0.26078433,0.2647059,0.2627451,0.28039217,0.2784314,0.28235295,0.27254903,0.2784314,0.3254902,0.93333334,0.9382353,0.85490197,0.4911765,0.56470585,0.5245098,0.48529413,0.4617647,0.48039216,0.5156863,0.43333334,0.39607844,0.93921566,0.3480392,0.36568627,0.36960784,0.35882354,0.34705883,0.3617647,0.36764705,0.37843138,0.3627451,0.3529412,0.35588235,0.36372548,0.37156862,0.37058824,0.36568627,0.3529412,0.3529412,0.3647059,0.36666667,0.37156862,0.3754902,0.35980392,0.36372548,0.35686275,0.3529412,0.34509805,0.35784313,0.34411764,0.31862745,0.32843137,0.3372549,0.34117648,0.34313726,0.3362745,0.29705882,0.29313725,0.3009804,0.32352942,0.35490197,0.3529412,0.35588235,0.4892157,0.3245098,0.27450982,0.42352942,0.41862744,0.4401961,0.4254902,0.42647058,0.64117646,0.5156863,0.52156866,0.29705882,0.3019608,0.2872549,0.55490196,0.3137255,0.43627453,0.39117646,0.37843138,0.38431373,0.3009804,0.34019607,0.2509804,0.25784314,0.25,0.44607842,0.38333333,0.377451,0.37058824,0.35588235,0.5637255,0.33431372,0.53627455,0.5441177,0.51862746,0.5245098,0.5323529,0.53627455,0.60882354,0.5862745,0.28137255,0.25,0.6303922,0.28921568,0.39313728,0.49019608,0.5490196,0.4490196,0.6245098,0.60294116,0.5058824,0.5686275,0.3,0.3107843,0.29313725,0.36764705,0.45392156,0.4137255,0.4019608,0.53039217,0.4343137,0.41764706,0.48725492,0.5921569,0.6156863,0.63431376,0.6392157,0.6960784,0.75784314,0.6990196,0.7754902,0.5588235,0.54313725,0.58137256,0.4509804,0.46666667,0.4137255,0.5588236,0.4735294,0.4343137,0.48333335,0.44215685,0.4764706,0.4745098,0.4519608,0.50392157,0.4107843,0.5382353,0.37843138,0.36078432,0.3529412,0.42352942,0.52549016,0.4862745,0.47843137,0.7352941,0.65686274,0.51960784,0.37156862,0.44313726,0.53627455,0.44215685,0.30588236,0.5529412,0.6480392,0.60294116,0.6147059,0.5156863,0.6215686,0.7401961,0.54313725,0.49607843,0.517647,0.5735294,0.6107843,0.64705884,0.65588236,0.66568625,0.7176471,0.7019608,0.25,0.29215688,0.2901961,0.28431374,0.2637255,0.25196078,0.26862746,0.26862746,0.2754902,0.2784314,0.28039217,0.28235295,0.28333333,0.28431374,0.2764706,0.33235294,0.3254902,0.32352942,0.32254902,0.32843137,0.3382353,0.33235294,0.34019607,0.34509805,0.3362745,0.34411764,0.36666667,0.33529413,0.35196078,0.35882354,0.37254903,0.3,0.29705882,0.29803923,0.3009804,0.29607844,0.30392158,0.33235294,0.29803923,0.3382353,0.41568628,0.3647059,0.39509803,0.37352943,0.3137255,0.28529412,0.2990196,0.30686274,0.30686274,0.3009804
0.26666668,0.29705882,0.31176472,0.30784315,0.30392158,0.30784315,0.3156863,0.3009804,0.3107843,0.30294117,0.30588236,0.3362745,0.3764706,0.39019608,0.39117646,0.3882353,0.38431373,0.40294117,0.3990196,0.3882353,0.34901962,0.28039217,0.2637255,0.2637255,0.25882354,0.28137255,0.26764706,0.27058825,0.27941176,0.28137255,0.29215688,0.5382353,0.90294117,0.87941176,0.5529412,0.50392157,0.5323529,0.56470585,0.4764706,0.5137255,0.517647,0.4892157,0.45490196,0.69019604,0.3617647,0.35686275,0.35588235,0.35392156,0.31764707,0.35686275,0.35196078,0.36078432,0.37156862,0.35882354,0.34215686,0.34509805,0.35588235,0.3647059,0.36666667,0.37156862,0.36960784,0.37156862,0.36666667,0.36960784,0.377451,0.37254903,0.3764706,0.3745098,0.3647059,0.36568627,0.35686275,0.34019607,0.3372549,0.327451,0.3156863,0.327451,0.327451,0.32843137,0.33039215,0.3,0.28529412,0.30490196,0.3127451,0.35,0.34901962,0.34607843,0.6333333,0.25,0.2754902,0.4117647,0.41960785,0.4372549,0.43039215,0.4343137,0.6480392,0.5147059,0.5029412,0.2901961,0.31666666,0.2872549,0.5872549,0.5382353,0.5441177,0.34215686,0.39019608,0.39019608,0.48431373,0.5117647,0.25,0.30980393,0.48235294,0.40980393,0.41960785,0.38333333,0.38529414,0.35686275,0.48431373,0.504902,0.5245098,0.5284314,0.51666665,0.527451,0.5441177,0.5392157,0.25,0.28235295,0.29705882,0.2990196,0.6647059,0.4617647,0.45490196,0.4911765,0.5264706,0.46568626,0.66176474,0.6627451,0.2735294,0.3127451,0.29803923,0.2647059,0.29215688,0.32156864,0.41568628,0.55490196,0.42058825,0.39705884,0.47156864,0.44509804,0.40980393,0.48235294,0.54019606,0.6431373,0.66568625,0.6362746,0.6519608,0.70000005,0.8009804,0.8539216,0.6147059,0.5441177,0.4401961,0.49509805,0.47843137,0.52254903,0.5088235,0.50196075,0.5656863,0.54019606,0.41862744,0.5568627,0.4509804,0.53627455,0.5235294,0.49607843,0.46078432,0.35686275,0.34509805,0.3529412,0.76960784,0.77254903,0.43529412,0.37843138,0.50784314,0.49215686,0.6245098,0.51862746,0.29705882,0.6147059,0.5539216,0.5029412,0.51862746,0.5656863,0.51176476,0.5254902,0.6156863,0.6666667,0.52745104,0.5107843,0.54901963,0.58823526,0.64705884,0.6735294,0.68921566,0.5676471,0.3,0.28627452,0.29215688,0.28431374,0.25,0.2617647,0.27156863,0.27450982,0.27941176,0.2764706,0.28137255,0.28235295,0.28529412,0.28039217,0.31176472,0.3254902,0.32352942,0.32352942,0.32352942,0.32156864,0.327451,0.32843137,0.33431372,0.32941177,0.33039215,0.34215686,0.3529412,0.36862746,0.37254903,0.35490197,0.32352942,0.3009804,0.2990196,0.29803923,0.30490196,0.3,0.29803923,0.29705882,0.30490196,0.30294117,0.3,0.33529413,0.39509803,0.35490197,0.31862745,0.2901961,0.29607844,0.30882353,0.32843137,0.33235294,0.3137255,0.3019608
0.2637255,0.29803923,0.30784315,0.30490196,0.31176472,0.3009804,0.30980393,0.30980393,0.3107843,0.3127451,0.30882353,0.38333333,0.3745098,0.3745098,0.3990196,0.39215687,0.3990196,0.40490198,0.39215687,0.3480392,0.28235295,0.26862746,0.2637255,0.2647059,0.28431374,0.2754902,0.27745098,0.28235295,0.28039217,0.29313725,0.3019608,0.6186274,0.90686274,0.9490196,0.5098039,0.52254903,0.48235294,0.51862746,0.5617647,0.4509804,0.48039216,0.45490196,0.43039215,0.8607843,0.34705883,0.35196078,0.3529412,0.35392156,0.35686275,0.35490197,0.36078432,0.3647059,0.32058823,0.32156864,0.3480392,0.3480392,0.35,0.35882354,0.35980392,0.36372548,0.37254903,0.36960784,0.37058824,0.3745098,0.3647059,0.36666667,0.37254903,0.36568627,0.3617647,0.3647059,0.35980392,0.3382353,0.34019607,0.32843137,0.32647058,0.3245098,0.33529413,0.32647058,0.3137255,0.30686274,0.2872549,0.2990196,0.30686274,0.35196078,0.34607843,0.3764706,0.61372554,0.25,0.26568627,0.42450982,0.41568628,0.43137255,0.43039215,0.42941177,0.6480392,0.51666665,0.49313727,0.28529412,0.4509804,0.39411765,0.5715686,0.5617647,0.54117644,0.3,0.39313728,0.39019608,0.4754902,0.25,0.25,0.34411764,0.45980394,0.4137255,0.517647,0.5372549,0.48039216,0.5,0.49411765,0.5098039,0.5156863,0.5284314,0.53039217,0.5490196,0.4254902,0.2882353,0.3019608,0.29705882,0.30784315,0.2764706,0.6647059,0.43529412,0.48431373,0.5382353,0.54019606,0.45686275,0.45294118,0.32254902,0.32058823,0.2509804,0.29705882,0.3156863,0.3245098,0.42941177,0.40784314,0.377451,0.47941178,0.46470588,0.46568626,0.48921567,0.6039216,0.54019606,0.517647,0.33137256,0.6058824,0.6990196,0.6098039,0.6333333,0.8009804,0.7921569,0.8019608,0.39705884,0.5264706,0.41568628,0.4627451,0.47058824,0.4852941,0.46862745,0.50196075,0.5107843,0.39313728,0.5264706,0.62254906,0.5107843,0.56960785,0.6284314,0.47941178,0.34117648,0.33529413,0.3372549,0.44607842,0.57941175,0.5892157,0.45392156,0.4735294,0.4019608,0.28627452,0.6362745,0.5392157,0.4911765,0.47254902,0.54901963,0.54509807,0.5107843,0.57549024,0.6245098,0.6578432,0.6490196,0.5686275,0.57843137,0.5745098,0.5901961,0.58823526,0.3127451,0.3009804,0.2872549,0.2872549,0.26862746,0.25,0.26862746,0.27156863,0.27941176,0.28333333,0.28431374,0.28529412,0.28921568,0.28921568,0.28431374,0.3382353,0.32254902,0.31764707,0.32254902,0.32647058,0.33235294,0.33529413,0.34215686,0.34313726,0.33333334,0.32352942,0.33529413,0.33235294,0.34509805,0.35490197,0.37254903,0.29607844,0.30392158,0.30882353,0.30392158,0.29607844,0.29705882,0.3009804,0.2990196,0.30490196,0.30882353,0.30392158,0.30490196,0.30784315,0.30490196,0.3127451,0.30784315,0.32058823,0.3009804,0.35882354,0.33431372,0.31960785,0.30294117,0.30882353,0.30490196
0.2735294,0.28137255,0.30686274,0.3019608,0.31764707,0.3127451,0.3137255,0.3156863,0.30686274,0.28137255,0.36764705,0.3745098,0.377451,0.39215687,0.4137255,0.39509803,0.39215687,0.37941176,0.39313728,0.33235294,0.27058825,0.26666668,0.26666668,0.26764706,0.28137255,0.28137255,0.27745098,0.27941176,0.28137255,0.2735294,0.27058825,0.46764708,0.85,0.44411767,0.5382353,0.5009804,0.5284314,0.46568626,0.4637255,0.48725492,0.47254902,0.43333334,0.7882353,0.31862745,0.3529412,0.35392156,0.35882354,0.35980392,0.35980392,0.36078432,0.36666667,0.36764705,0.35784313,0.34901962,0.34705883,0.34117648,0.3254902,0.28627452,0.35392156,0.36372548,0.36960784,0.36764705,0.37058824,0.37254903,0.36372548,0.36862746,0.37156862,0.3745098,0.36862746,0.35,0.34215686,0.33529413,0.33235294,0.33333334,0.3156863,0.32843137,0.32058823,0.32058823,0.3137255,0.30882353,0.29117647,0.30490196,0.31960785,0.35686275,0.37843138,0.377451,0.5372549,0.28235295,0.2509804,0.4284314,0.43039215,0.4392157,0.4107843,0.42941177,0.64117646,0.5372549,0.48039216,0.28529412,0.4745098,0.43039215,0.55,0.5735294,0.5470588,0.27156863,0.39803922,0.38529414,0.54117644,0.45294118,0.37254903,0.35784313,0.4911765,0.4735294,0.6127451,0.5245098,0.5137255,0.51274514,0.4754902,0.51666665,0.49901962,0.5441177,0.5235294,0.28235295,0.28431374,0.3392157,0.30392158,0.30490196,0.6745098,0.6990197,0.60784316,0.5862745,0.48235294,0.50784314,0.4009804,0.422549,0.39607844,0.30882353,0.28921568,0.3019608,0.29803923,0.34019607,0.3392157,0.35980392,0.49313724,0.4284314,0.5147059,0.51666665,0.54607844,0.5352941,0.39705884,0.51274514,0.5470588,0.3392157,0.5588235,0.62058824,0.5352942,0.6068628,0.6921569,0.8186275,0.8147059,0.6127451,0.43333334,0.4401961,0.58431375,0.48333335,0.49215686,0.46862745,0.4,0.45294118,0.44411767,0.4107843,0.43137255,0.5441177,0.5156863,0.5333333,0.5,0.3362745,0.3509804,0.3382353,0.40294117,0.4637255,0.42647058,0.33039215,0.377451,0.6294118,0.5009804,0.49411768,0.4970588,0.4735294,0.5,0.60588235,0.46960783,0.4911765,0.6215686,0.7117647,0.6431373,0.55588233,0.6186274,0.57941175,0.577451,0.25,0.2901961,0.29117647,0.2872549,0.25,0.25588235,0.2735294,0.27156863,0.2764706,0.27941176,0.28137255,0.28627452,0.29411766,0.29607844,0.327451,0.32941177,0.32156864,0.32254902,0.31764707,0.32941177,0.33333334,0.33235294,0.33529413,0.3372549,0.34117648,0.3362745,0.3362745,0.3254902,0.34019607,0.33529413,0.30294117,0.30392158,0.3107843,0.30686274,0.3254902,0.2990196,0.3009804,0.30490196,0.30490196,0.30490196,0.30588236,0.30588236,0.30882353,0.3137255,0.3127451,0.3156863,0.3127451,0.31666666,0.31862745,0.31862745,0.30686274,0.27745098,0.3009804,0.31470588,0.30490196,0.30686274,0.28235295
0.2637255,0.28431374,0.31470588,0.30980393,0.2990196,0.3009804,0.31176472,0.31470588,0.30980393,0.3107843,0.3627451,0.3754902,0.3764706,0.38137257,0.39117646,0.3882353,0.38431373,0.39313728,0.39607844,0.31960785,0.26666668,0.26666668,0.27254903,0.27254903,0.2735294,0.28431374,0.27058825,0.28137255,0.29411766,0.29117647,0.28627452,0.6303922,0.64117646,0.47745097,0.47843137,0.54117644,0.5235294,0.48431373,0.41470587,0.47156864,0.4509804,0.43333334,0.52156866,0.3529412,0.3627451,0.3480392,0.35784313,0.3617647,0.35882354,0.3627451,0.3647059,0.36764705,0.3617647,0.36078432,0.35490197,0.35,0.35686275,0.35196078,0.3509804,0.35686275,0.34901962,0.26960784,0.3362745,0.37254903,0.37058824,0.36862746,0.36862746,0.36764705,0.36764705,0.35980392,0.34411764,0.34215686,0.34509805,0.34019607,0.35196078,0.3362745,0.327451,0.33431372,0.30882353,0.31176472,0.30392158,0.29117647,0.31470588,0.33431372,0.3764706,0.38039216,0.38039216,0.28039217,0.29313725,0.422549,0.44215685,0.46862745,0.44117647,0.42941177,0.5892157,0.52254903,0.48137254,0.3019608,0.5519608,0.46862745,0.50392157,0.5656863,0.54313725,0.25,0.3872549,0.38235295,0.5872549,0.44803923,0.33137256,0.47941178,0.48235294,0.5058824,0.52254903,0.52156866,0.51862746,0.52549016,0.4754902,0.45392156,0.5382353,0.28529412,0.28235295,0.43823528,0.36568627,0.32941177,0.51862746,0.66764706,0.6754902,0.6911765,0.7029412,0.5235294,0.48333335,0.42058825,0.35882354,0.32352942,0.53627455,0.46862745,0.3,0.33235294,0.33039215,0.33333334,0.35490197,0.40294117,0.44411767,0.47941178,0.52254903,0.5205883,0.50196075,0.5009804,0.44509804,0.55784315,0.32647058,0.29313725,0.48235294,0.4911765,0.5627451,0.577451,0.62647057,0.78039217,0.7264706,0.7872549,0.5901961,0.5107843,0.4627451,0.45392156,0.3872549,0.42647058,0.4,0.42745098,0.41960785,0.4882353,0.38431373,0.52549016,0.49509805,0.4401961,0.40980393,0.35,0.30882353,0.31666666,0.3529412,0.29509804,0.4970588,0.6333333,0.4754902,0.4627451,0.47156864,0.48039216,0.46568626,0.47156864,0.5029412,0.5029412,0.46568626,0.5852941,0.64411765,0.58137256,0.56960785,0.5833334,0.4372549,0.29607844,0.29509804,0.29117647,0.2754902,0.25196078,0.2647059,0.27058825,0.2784314,0.27941176,0.28137255,0.28431374,0.29117647,0.29607844,0.29117647,0.33137256,0.32647058,0.3254902,0.32647058,0.3254902,0.33235294,0.3372549,0.33529413,0.33137256,0.3372549,0.34117648,0.35196078,0.34705883,0.3392157,0.33529413,0.3107843,0.30588236,0.3019608,0.3009804,0.29803923,0.3529412,0.29607844,0.2990196,0.28431374,0.32058823,0.37058824,0.2754902,0.30686274,0.3127451,0.31176472,0.3137255,0.3127451,0.30588236,0.3127451,0.31470588,0.3127451,0.30882353,0.30882353,0.3,0.29215688,0.28235295,0.28529412,0.2754902,0.2647059,0.25980392
0.25882354,0.29607844,0.31470588,0.30980393,0.30980393,0.30882353,0.30686274,0.31176472,0.27058825,0.35686275,0.37941176,0.39313728,0.38333333,0.38431373,0.3990196,0.3892157,0.40392157,0.4019608,0.377451,0.27058825,0.2637255,0.26666668,0.26764706,0.27058825,0.28235295,0.28137255,0.27254903,0.29117647,0.2990196,0.29215688,0.29411766,0.6970588,0.4519608,0.4519608,0.48137257,0.5088235,0.5294118,0.4343137,0.50784314,0.42352942,0.3892157,0.6421569,0.34705883,0.3509804,0.35882354,0.3627451,0.35980392,0.3627451,0.36372548,0.36372548,0.3647059,0.36666667,0.36568627,0.3647059,0.3764706,0.3745098,0.35490197,0.3509804,0.35490197,0.35392156,0.36568627,0.36568627,0.35784313,0.36666667,0.36568627,0.29117647,0.29607844,0.3480392,0.33333334,0.3382353,0.3480392,0.34411764,0.3372549,0.33039215,0.3382353,0.3509804,0.34215686,0.33333334,0.32156864,0.31960785,0.3107843,0.28333333,0.3137255,0.31862745,0.37843138,0.377451,0.3617647,0.28137255,0.3392157,0.43039215,0.47058824,0.49215686,0.45392156,0.41568628,0.52254903,0.5,0.43235296,0.49411765,0.48431373,0.45882353,0.47745097,0.55588233,0.5382353,0.25,0.3892157,0.38039216,0.5637255,0.44313726,0.3627451,0.4107843,0.5372549,0.52549016,0.52549016,0.52254903,0.5372549,0.5107843,0.47843137,0.4284314,0.38137257,0.5009804,0.58235294,0.48235294,0.43823528,0.64117646,0.7205882,0.67647064,0.6333333,0.5637255,0.6480392,0.50196075,0.4852941,0.4509804,0.34607843,0.3647059,0.57941175,0.4392157,0.3254902,0.3372549,0.35,0.3362745,0.32254902,0.4343137,0.61960787,0.4284314,0.51862746,0.47254902,0.44803923,0.45980394,0.49901962,0.5352941,0.34019607,0.36568627,0.4254902,0.4490196,0.46960783,0.62254906,0.5539216,0.64215684,0.65882355,0.74803925,0.6745098,0.42647058,0.48725492,0.43137255,0.39803922,0.37156862,0.4284314,0.50784314,0.44215685,0.37941176,0.53039217,0.6,0.41274512,0.4627451,0.40686274,0.42745098,0.33137256,0.3,0.37254903,0.55,0.47941178,0.47058824,0.48431373,0.45,0.4627451,0.5156863,0.45490196,0.45882353,0.48235294,0.5009804,0.5539216,0.5911765,0.52156866,0.5480392,0.25392157,0.2901961,0.28921568,0.2872549,0.25196078,0.25392157,0.26568627,0.26666668,0.27941176,0.28235295,0.28431374,0.2882353,0.29313725,0.29215688,0.31960785,0.31666666,0.31764707,0.32156864,0.32352942,0.34019607,0.34215686,0.32941177,0.34019607,0.34313726,0.34509805,0.34313726,0.34117648,0.34215686,0.3480392,0.327451,0.29607844,0.29705882,0.29803923,0.28627452,0.36862746,0.29411766,0.29509804,0.29215688,0.27450982,0.37941176,0.49215686,0.51862746,0.28137255,0.2735294,0.26862746,0.30686274,0.30588236,0.30686274,0.30882353,0.30784315,0.30686274,0.30294117,0.29509804,0.29117647,0.28137255,0.27058825,0.26764706,0.2617647,0.2627451,0.26764706,0.25,0.4627451
0.2637255,0.28921568,0.30784315,0.31862745,0.30392158,0.30686274,0.30980393,0.3019608,0.33431372,0.35882354,0.38235295,0.39313728,0.39019608,0.3990196,0.39705884,0.3892157,0.38627452,0.39019608,0.35392156,0.27254903,0.2627451,0.26960784,0.2735294,0.27941176,0.27156863,0.27941176,0.2784314,0.30294117,0.3019608,0.3,0.3019608,0.7137255,0.40294117,0.4637255,0.48235294,0.45,0.44215685,0.46078432,0.41960785,0.54509807,0.55,0.6921569,0.3382353,0.3362745,0.3480392,0.35784313,0.35882354,0.36862746,0.36862746,0.36666667,0.36960784,0.36666667,0.36372548,0.36078432,0.37254903,0.37843138,0.3754902,0.35980392,0.35,0.35,0.3627451,0.36372548,0.3627451,0.37058824,0.36764705,0.377451,0.36666667,0.37156862,0.35686275,0.32941177,0.25392157,0.327451,0.32941177,0.34313726,0.34509805,0.35686275,0.3529412,0.33333334,0.3362745,0.31960785,0.3127451,0.2901961,0.3107843,0.31666666,0.3745098,0.3735294,0.3627451,0.28529412,0.38431373,0.4284314,0.4745098,0.50392157,0.4372549,0.47352943,0.4862745,0.56470585,0.5656863,0.52254903,0.51862746,0.5,0.4343137,0.53039217,0.5098039,0.39019608,0.38529414,0.39215687,0.49901962,0.4490196,0.48137254,0.52549016,0.5264706,0.5245098,0.54313725,0.51960784,0.51666665,0.52549016,0.2764706,0.45588237,0.5470588,0.7588235,0.6911765,0.5392157,0.5333333,0.6872549,0.6872549,0.66764706,0.7147059,0.68333334,0.6205883,0.5098039,0.43823528,0.34705883,0.31666666,0.3745098,0.5921569,0.6205883,0.31470588,0.3480392,0.32058823,0.33529413,0.3372549,0.4117647,0.48039216,0.4509804,0.6156863,0.54313725,0.45980394,0.43039215,0.4519608,0.43333334,0.31960785,0.48921567,0.44509804,0.4735294,0.5205883,0.50686276,0.44117647,0.59313726,0.7137255,0.7372549,0.70980394,0.48235294,0.5009804,0.48235294,0.49901962,0.4254902,0.44117647,0.57941175,0.7058824,0.577451,0.50392157,0.377451,0.42352942,0.42058825,0.39215687,0.25,0.4637255,0.30882353,0.3137255,0.4107843,0.4754902,0.4509804,0.4862745,0.4519608,0.44705883,0.5107843,0.4882353,0.5058824,0.5588236,0.51862746,0.49607843,0.47843137,0.29607844,0.29411766,0.28333333,0.28529412,0.25,0.2617647,0.2637255,0.2764706,0.2784314,0.28431374,0.2872549,0.2882353,0.29313725,0.29607844,0.31960785,0.32058823,0.32254902,0.31960785,0.3107843,0.3245098,0.32647058,0.33431372,0.34019607,0.34215686,0.34705883,0.3509804,0.3392157,0.34215686,0.34509805,0.29411766,0.29215688,0.3,0.29215688,0.3362745,0.3137255,0.29607844,0.29509804,0.25,0.40294117,0.49803922,0.5529412,0.3372549,0.27254903,0.26764706,0.2647059,0.31862745,0.36764705,0.26666668,0.26862746,0.27450982,0.29803923,0.29411766,0.28921568,0.28431374,0.2784314,0.2735294,0.26666668,0.2637255,0.26078433,0.2529412,0.27058825,0.41960785,0.45294118,0.45588237
0.26764706,0.29313725,0.31666666,0.30392158,0.30392158,0.3156863,0.30784315,0.2735294,0.34215686,0.35686275,0.377451,0.38627452,0.39411765,0.40294117,0.39607844,0.4019608,0.39411765,0.4,0.32254902,0.26960784,0.2647059,0.26960784,0.26960784,0.28529412,0.28235295,0.2764706,0.30490196,0.30490196,0.30784315,0.30392158,0.33431372,0.46862745,0.3990196,0.477451,0.44411767,0.49509805,0.48333335,0.4892157,0.44411767,0.3990196,0.6911765,0.34313726,0.34411764,0.34117648,0.3480392,0.34705883,0.3480392,0.3529412,0.35882354,0.36078432,0.36764705,0.36568627,0.3617647,0.3627451,0.36666667,0.37254903,0.36666667,0.35784313,0.34509805,0.3480392,0.35392156,0.3509804,0.35588235,0.3480392,0.35392156,0.36078432,0.35784313,0.35588235,0.35392156,0.3647059,0.34411764,0.34509805,0.3372549,0.327451,0.2764706,0.32156864,0.3372549,0.3362745,0.34019607,0.32647058,0.3156863,0.29607844,0.29705882,0.3107843,0.3754902,0.377451,0.35490197,0.28039217,0.4284314,0.4284314,0.4892157,0.5029412,0.42745098,0.5235294,0.43529412,0.39705884,0.40588236,0.46568626,0.53039217,0.5519608,0.54019606,0.5264706,0.55980396,0.52254903,0.3872549,0.40490198,0.4882353,0.46764708,0.50196075,0.52156866,0.51274514,0.5235294,0.50392157,0.5088235,0.33529413,0.2764706,0.47941178,0.50686276,0.577451,0.6862745,0.54019606,0.5352941,0.52549016,0.69411767,0.64411765,0.7264706,0.527451,0.69117653,0.6166667,0.39117646,0.36764705,0.35392156,0.4166667,0.5117647,0.4637255,0.7882353,0.34607843,0.33039215,0.3254902,0.33235294,0.3127451,0.4343137,0.4754902,0.4617647,0.41764706,0.38529414,0.44313726,0.49803922,0.5323529,0.35196078,0.3107843,0.42941177,0.4166667,0.46862745,0.45784312,0.35784316,0.4754902,0.5137255,0.61764705,0.6598039,0.732353,0.7676471,0.45882353,0.47352943,0.3882353,0.41470587,0.4284314,0.53039217,0.37941176,0.40294117,0.45392156,0.49901962,0.39705884,0.34215686,0.7852941,0.38235295,0.31176472,0.30588236,0.31176472,0.37254903,0.4627451,0.44803923,0.44509804,0.44803923,0.45588237,0.4637255,0.46764708,0.53627455,0.52254903,0.32843137,0.29509804,0.29215688,0.2901961,0.2647059,0.2529412,0.2617647,0.26078433,0.2764706,0.2764706,0.28137255,0.2882353,0.29313725,0.2901961,0.32254902,0.32843137,0.33039215,0.32843137,0.3362745,0.3254902,0.32843137,0.3245098,0.327451,0.33431372,0.35490197,0.36372548,0.34117648,0.34117648,0.34313726,0.30490196,0.28529412,0.29313725,0.29607844,0.32156864,0.3362745,0.29215688,0.29215688,0.25784314,0.33333334,0.3372549,0.26666668,0.28627452,0.25784314,0.26862746,0.2627451,0.2627451,0.2735294,0.2647059,0.27058825,0.27156863,0.3382353,0.35196078,0.29215688,0.29607844,0.29411766,0.33039215,0.26666668,0.26764706,0.25980392,0.25392157,0.2647059,0.26764706,0.27058825,0.26666668,0.26764706,0.3480392,0.35980392
0.25882354,0.28039217,0.28627452,0.3137255,0.30294117,0.31470588,0.2990196,0.3254902,0.36666667,0.37156862,0.37156862,0.39019608,0.40588236,0.41470587,0.40784314,0.4019608,0.3882353,0.39313728,0.2754902,0.2647059,0.2735294,0.27254903,0.2784314,0.28137255,0.28235295,0.28039217,0.29509804,0.2990196,0.29705882,0.29411766,0.40882355,0.45686275,0.45882353,0.43235296,0.42450982,0.49313727,0.44411767,0.42450982,0.44803923,0.40784314,0.7372549,0.36078432,0.3647059,0.35,0.36372548,0.35882354,0.36764705,0.3627451,0.35686275,0.35196078,0.34901962,0.35490197,0.34019607,0.35588235,0.3647059,0.3617647,0.36666667,0.3647059,0.35686275,0.35588235,0.3529412,0.34411764,0.34313726,0.3392157,0.33431372,0.33529413,0.3382353,0.3392157,0.35,0.36078432,0.35,0.34705883,0.3382353,0.34509805,0.35392156,0.34411764,0.34019607,0.34117648,0.29509804,0.30392158,0.31666666,0.3009804,0.29313725,0.30490196,0.3735294,0.3745098,0.3529412,0.28627452,0.44117647,0.4372549,0.49509805,0.49803922,0.4343137,0.5735294,0.517647,0.46470588,0.44117647,0.44411767,0.43529412,0.4254902,0.422549,0.41960785,0.40784314,0.39019608,0.4754902,0.4911765,0.48725492,0.504902,0.5029412,0.52156866,0.49607843,0.5147059,0.4754902,0.28627452,0.504902,0.66176474,0.5235294,0.5862745,0.54019606,0.5480392,0.5372549,0.53627455,0.52549016,0.7441176,0.5441177,0.25,0.5519608,0.61764705,0.6578431,0.3990196,0.3764706,0.4627451,0.43235296,0.52549016,0.48725492,0.9019608,0.6284314,0.3019608,0.31666666,0.3254902,0.33333334,0.40294117,0.44509804,0.40588236,0.48431373,0.43137255,0.52156866,0.50686276,0.60490197,0.34117648,0.42941177,0.43235296,0.40392157,0.4862745,0.50784314,0.47156864,0.48921567,0.5980392,0.63235295,0.5480392,0.8127451,0.7970588,0.5137255,0.49313727,0.36960784,0.36960784,0.35,0.36764705,0.36666667,0.43137255,0.33039215,0.5009804,0.7352941,0.62254906,0.572549,0.45980394,0.3754902,0.30980393,0.30784315,0.32254902,0.45,0.44117647,0.4519608,0.44215685,0.45294118,0.48039216,0.4862745,0.2647059,0.29117647,0.28627452,0.2901961,0.25,0.25882354,0.2627451,0.26764706,0.2735294,0.2764706,0.28333333,0.2882353,0.29313725,0.29215688,0.32058823,0.32352942,0.33333334,0.34215686,0.34117648,0.33333334,0.33235294,0.32352942,0.33137256,0.33431372,0.34019607,0.34509805,0.34313726,0.34509805,0.33039215,0.2872549,0.2901961,0.2882353,0.28627452,0.36666667,0.29215688,0.29607844,0.27745098,0.25,0.30980393,0.41960785,0.30784315,0.27254903,0.26862746,0.2647059,0.25,0.30490196,0.2617647,0.27156863,0.27156863,0.31470588,0.4,0.2882353,0.29705882,0.3009804,0.33333334,0.30980393,0.30490196,0.29411766,0.28529412,0.31176472,0.26862746,0.26568627,0.26764706,0.26568627,0.26764706,0.26862746,0.27058825,0.26862746,0.26666668
0.26764706,0.26862746,0.28431374,0.31764707,0.30686274,0.30980393,0.2735294,0.29803923,0.28431374,0.27941176,0.32843137,0.36568627,0.4019608,0.4019608,0.40588236,0.39411765,0.39803922,0.34705883,0.2647059,0.26764706,0.28137255,0.2784314,0.28529412,0.28235295,0.27941176,0.3019608,0.3127451,0.30588236,0.3019608,0.2990196,0.37941176,0.47058824,0.42352942,0.49509805,0.48137257,0.37058824,0.39705884,0.42745098,0.42450982,0.627451,0.3009804,0.35196078,0.36078432,0.34117648,0.35490197,0.35882354,0.35686275,0.3617647,0.36568627,0.35490197,0.35196078,0.35784313,0.35980392,0.35980392,0.3509804,0.35196078,0.35196078,0.35196078,0.35784313,0.3509804,0.35196078,0.34509805,0.3362745,0.33039215,0.32058823,0.3372549,0.3392157,0.33333334,0.34509805,0.36078432,0.3529412,0.35882354,0.34901962,0.3480392,0.35588235,0.35588235,0.3529412,0.34215686,0.3382353,0.33333334,0.31960785,0.30784315,0.28137255,0.30980393,0.33235294,0.37254903,0.36078432,0.3362745,0.45686275,0.4372549,0.4745098,0.5117647,0.4519608,0.62254906,0.51960784,0.52156866,0.52549016,0.5205883,0.51862746,0.52156866,0.51960784,0.4882353,0.47254902,0.25,0.27254903,0.49901962,0.5058824,0.50196075,0.5098039,0.51274514,0.5088235,0.25,0.25,0.53431374,0.5333333,0.5107843,0.5588235,0.5441177,0.55490196,0.55588233,0.5441177,0.5529412,0.5294118,0.2754902,0.28137255,0.70686275,0.59901965,0.59019613,0.5235294,0.4,0.3745098,0.4754902,0.48039216,0.4745098,0.50196075,0.7892157,0.70686275,0.27941176,0.3392157,0.33039215,0.33137256,0.38039216,0.5058824,0.49803922,0.48333335,0.45588237,0.4627451,0.44607842,0.35980392,0.32352942,0.40490198,0.41274512,0.45392156,0.43823528,0.35980392,0.40686274,0.4166667,0.50196075,0.5833334,0.5441177,0.7627451,0.77843136,0.6931373,0.38431373,0.44803923,0.41862744,0.42156863,0.38137257,0.25882354,0.6009804,0.6450981,0.59607846,0.5735294,0.51666665,0.52549016,0.5617647,0.5147059,0.33529413,0.31470588,0.3156863,0.44411767,0.48039216,0.4754902,0.47745097,0.36666667,0.29215688,0.29313725,0.2872549,0.28529412,0.27941176,0.2735294,0.25490198,0.26666668,0.27156863,0.2754902,0.28431374,0.2901961,0.2872549,0.3127451,0.30686274,0.32254902,0.32941177,0.33333334,0.33235294,0.33235294,0.3372549,0.34411764,0.34607843,0.34019607,0.33529413,0.34019607,0.3392157,0.35784313,0.28137255,0.28529412,0.28431374,0.2882353,0.2754902,0.29411766,0.28921568,0.27941176,0.25,0.25196078,0.5029412,0.4735294,0.25,0.26960784,0.2627451,0.25,0.3735294,0.25,0.26764706,0.26764706,0.26960784,0.46568626,0.2784314,0.29803923,0.29705882,0.34313726,0.3156863,0.30490196,0.30392158,0.29607844,0.31176472,0.25980392,0.2617647,0.26568627,0.26764706,0.26764706,0.26764706,0.26764706,0.26666668,0.26764706,0.26862746,0.26568627,0.2647059
0.25882354,0.2647059,0.28235295,0.30294117,0.2990196,0.31470588,0.327451,0.39215687,0.39509803,0.39019608,0.40392157,0.4166667,0.4009804,0.4166667,0.40784314,0.4107843,0.4166667,0.3362745,0.26764706,0.27254903,0.2735294,0.28235295,0.28137255,0.28333333,0.2764706,0.3137255,0.3137255,0.30490196,0.3009804,0.28921568,0.4137255,0.45980394,0.4401961,0.46764708,0.40882355,0.52156866,0.45784312,0.47352943,0.3362745,0.59313726,0.35882354,0.3647059,0.36568627,0.34509805,0.35882354,0.3382353,0.3647059,0.3627451,0.35882354,0.35882354,0.35392156,0.34313726,0.35196078,0.34901962,0.36078432,0.35490197,0.34901962,0.35196078,0.3480392,0.35196078,0.35686275,0.3627451,0.35490197,0.3382353,0.33529413,0.3245098,0.31470588,0.32941177,0.33137256,0.35,0.34901962,0.3480392,0.34509805,0.34313726,0.34607843,0.34607843,0.35392156,0.35392156,0.34901962,0.33529413,0.31960785,0.30980393,0.29117647,0.31764707,0.33333334,0.37941176,0.3617647,0.35490197,0.47941178,0.47058824,0.47254902,0.5205883,0.45784315,0.6637255,0.52254903,0.5539216,0.6,0.582353,0.5656863,0.56470585,0.25,0.4117647,0.39019608,0.38235295,0.3882353,0.49509805,0.51862746,0.5098039,0.52549016,0.3735294,0.28137255,0.3882353,0.43039215,0.4490196,0.5156863,0.5490196,0.54117644,0.5352941,0.54117644,0.54313725,0.5490196,0.25,0.27745098,0.35392156,0.5480392,0.6362745,0.6245098,0.4852941,0.38235295,0.377451,0.4764706,0.44117647,0.51666665,0.48039216,0.4490196,0.47254902,0.8235294,0.5058824,0.33137256,0.34117648,0.34509805,0.52156866,0.5156863,0.44117647,0.5058824,0.5,0.45392156,0.56078434,0.34117648,0.44509804,0.5088235,0.40784314,0.4343137,0.4009804,0.3872549,0.38039216,0.40490198,0.4,0.64117646,0.5803921,0.64117646,0.74509805,0.7519608,0.49313724,0.45686275,0.4,0.25,0.68529415,0.595098,0.5441177,0.49607843,0.48431373,0.49509805,0.51274514,0.51960784,0.5156863,0.5137255,0.34509805,0.35882354,0.35686275,0.43137255,0.5009804,0.25784314,0.28333333,0.28431374,0.29803923,0.27254903,0.2735294,0.27941176,0.29117647,0.30588236,0.30392158,0.29705882,0.3019608,0.29803923,0.28921568,0.30882353,0.30784315,0.31960785,0.3254902,0.32352942,0.32156864,0.32058823,0.3362745,0.34313726,0.35196078,0.34509805,0.34607843,0.3382353,0.33529413,0.2990196,0.28333333,0.28333333,0.28627452,0.2872549,0.29607844,0.3009804,0.29509804,0.2529412,0.25,0.44117647,0.49019608,0.29313725,0.27156863,0.26568627,0.25882354,0.2784314,0.25490198,0.26666668,0.26862746,0.25,0.38235295,0.2784314,0.29705882,0.2990196,0.327451,0.31176472,0.3107843,0.30882353,0.29803923,0.32156864,0.2647059,0.26568627,0.26764706,0.2647059,0.2647059,0.26764706,0.26764706,0.2647059,0.2637255,0.2637255,0.2637255,0.26764706,0.26666668,0.2617647,0.29411766
0.25882354,0.26960784,0.2647059,0.28431374,0.32254902,0.26764706,0.38627452,0.39019608,0.40686274,0.42352942,0.40588236,0.4009804,0.4019608,0.4117647,0.42352942,0.4166667,0.40784314,0.25,0.26764706,0.2784314,0.27058825,0.28039217,0.28137255,0.28627452,0.28137255,0.3019608,0.30784315,0.30588236,0.30392158,0.26078433,0.4745098,0.48039216,0.38529414,0.40686274,0.37843138,0.4009804,0.42745098,0.477451,0.60588235,0.54313725,0.3372549,0.3392157,0.34117648,0.34313726,0.33431372,0.34705883,0.35392156,0.34411764,0.34215686,0.35,0.34411764,0.3382353,0.3362745,0.327451,0.33333334,0.3382353,0.3382353,0.3362745,0.3480392,0.35392156,0.34705883,0.35784313,0.3529412,0.3480392,0.3627451,0.35196078,0.3372549,0.3254902,0.327451,0.34019607,0.3382353,0.3480392,0.3372549,0.34705883,0.35,0.33235294,0.34705883,0.35,0.3372549,0.33529413,0.32156864,0.31862745,0.29117647,0.3137255,0.3245098,0.38039216,0.3647059,0.3754902,0.49705884,0.4892157,0.48039216,0.49019608,0.49215686,0.64215684,0.5,0.56078434,0.5862745,0.34313726,0.31862745,0.31764707,0.39117646,0.4656863,0.48333335,0.4637255,0.47156864,0.4852941,0.51862746,0.49803922,0.28137255,0.31470588,0.34019607,0.3480392,0.42745098,0.5588235,0.56666666,0.5519608,0.55490196,0.5333333,0.5382353,0.39607844,0.26764706,0.37843138,0.6215687,0.62254906,0.54313725,0.59411764,0.64509803,0.63725495,0.4117647,0.40392157,0.42450982,0.44215685,0.48137254,0.5441177,0.5735294,0.45686275,0.8862745,0.6392157,0.3245098,0.31862745,0.32156864,0.44117647,0.47156864,0.4637255,0.4166667,0.422549,0.6156863,0.36960784,0.33039215,0.3137255,0.49411765,0.47843137,0.42941177,0.45294118,0.41470587,0.34411764,0.34901962,0.34411764,0.41274512,0.5656863,0.61960787,0.7529412,0.672549,0.73725486,0.39019608,0.4764706,0.5441177,0.5352941,0.61176467,0.56078434,0.55,0.54019606,0.5735294,0.56078434,0.5352942,0.59705883,0.5764706,0.39019608,0.3529412,0.33235294,0.29117647,0.28921568,0.28235295,0.28529412,0.27941176,0.28137255,0.28333333,0.2872549,0.28627452,0.28431374,0.2784314,0.2754902,0.2784314,0.30490196,0.3009804,0.30588236,0.31862745,0.3137255,0.31176472,0.31666666,0.32647058,0.34215686,0.34411764,0.34019607,0.3382353,0.3382353,0.34019607,0.32843137,0.28333333,0.2872549,0.28921568,0.28137255,0.27745098,0.2872549,0.29411766,0.26666668,0.2529412,0.3254902,0.4,0.3480392,0.2784314,0.26568627,0.2617647,0.2627451,0.26568627,0.26764706,0.26862746,0.26960784,0.30294117,0.28921568,0.29607844,0.2990196,0.31764707,0.32647058,0.3127451,0.30784315,0.3019608,0.3156863,0.25980392,0.26764706,0.27058825,0.26960784,0.26862746,0.26960784,0.26764706,0.26568627,0.2647059,0.2637255,0.2617647,0.25980392,0.2637255,0.25980392,0.3019608,0.3137255,0.31176472,0.3245098
0.26862746,0.2647059,0.27254903,0.2882353,0.3156863,0.32941177,0.4019608,0.3872549,0.40784314,0.40392157,0.39117646,0.4137255,0.4,0.4166667,0.42058825,0.41274512,0.39215687,0.26666668,0.26764706,0.26960784,0.2764706,0.28627452,0.28529412,0.28137255,0.29705882,0.3,0.29607844,0.29313725,0.29313725,0.27058825,0.4254902,0.38627452,0.46862745,0.34901962,0.38627452,0.43333334,0.3627451,0.39411765,0.5235294,0.3362745,0.34117648,0.34705883,0.3529412,0.35196078,0.35882354,0.3529412,0.35588235,0.35490197,0.34901962,0.34901962,0.34313726,0.34705883,0.34313726,0.34215686,0.35392156,0.34509805,0.3382353,0.34705883,0.35,0.35588235,0.34705883,0.34019607,0.33431372,0.3362745,0.3480392,0.34215686,0.3392157,0.35882354,0.3647059,0.3529412,0.3362745,0.33039215,0.32843137,0.34411764,0.34509805,0.33529413,0.34705883,0.3480392,0.33333334,0.34117648,0.33235294,0.32352942,0.29803923,0.327451,0.32647058,0.377451,0.35686275,0.3745098,0.50196075,0.48725492,0.46176472,0.4637255,0.4745098,0.6333333,0.49509805,0.57843137,0.4137255,0.25392157,0.36764705,0.30980393,0.39313728,0.38333333,0.42647058,0.5352941,0.5960784,0.627451,0.25,0.2872549,0.28333333,0.26764706,0.25,0.56470585,0.57058823,0.55980396,0.5529412,0.5490196,0.56078434,0.4392157,0.2529412,0.53137255,0.49901962,0.47843137,0.5637255,0.6333333,0.5735294,0.6813725,0.66568625,0.43333334,0.40588236,0.5627451,0.47254902,0.52156866,0.45294118,0.43823528,0.504902,0.42352942,0.73725486,0.70686275,0.3392157,0.33431372,0.3245098,0.4166667,0.38627452,0.38627452,0.3990196,0.36764705,0.6352941,0.3509804,0.3156863,0.4,0.44509804,0.43235296,0.37941176,0.37156862,0.35392156,0.36372548,0.3882353,0.40294117,0.42058825,0.5392157,0.6166667,0.6960784,0.6735294,0.75784314,0.57450986,0.44705883,0.66078436,0.6686275,0.6627451,0.6735294,0.59019613,0.6137255,0.62352943,0.6362745,0.64607847,0.62745094,0.6666667,0.35784313,0.2882353,0.28627452,0.29509804,0.28039217,0.2784314,0.27941176,0.28039217,0.28627452,0.2872549,0.27941176,0.2735294,0.27450982,0.2872549,0.30392158,0.3156863,0.32647058,0.3156863,0.31176472,0.3137255,0.3107843,0.32254902,0.3382353,0.3362745,0.34117648,0.34313726,0.3382353,0.33333334,0.29509804,0.2882353,0.2882353,0.28333333,0.27156863,0.28039217,0.2882353,0.28039217,0.25,0.25980392,0.26960784,0.27450982,0.2764706,0.26568627,0.2647059,0.2637255,0.2637255,0.26568627,0.27058825,0.27058825,0.2784314,0.29411766,0.29803923,0.29509804,0.29313725,0.30392158,0.30980393,0.30588236,0.29411766,0.3107843,0.2617647,0.26764706,0.26764706,0.26764706,0.26764706,0.26862746,0.26960784,0.26960784,0.26862746,0.26960784,0.26568627,0.2647059,0.2647059,0.26078433,0.31176472,0.31764707,0.3156863,0.32647058,0.33333334,0.3362745,0.3382353
0.25882354,0.2754902,0.2784314,0.28137255,0.28921568,0.38431373,0.39313728,0.38627452,0.40294117,0.41568628,0.4166667,0.40980393,0.4107843,0.40784314,0.40294117,0.3990196,0.3617647,0.26078433,0.27941176,0.2784314,0.28039217,0.2735294,0.28431374,0.2735294,0.2901961,0.3019608,0.3019608,0.3019608,0.28921568,0.2764706,0.42745098,0.39313728,0.39705884,0.4392157,0.40392157,0.3362745,0.42058825,0.3392157,0.50784314,0.34901962,0.3382353,0.3156863,0.26666668,0.26862746,0.327451,0.35784313,0.36764705,0.36764705,0.36568627,0.36666667,0.36960784,0.36862746,0.3647059,0.35686275,0.3509804,0.34019607,0.3382353,0.34901962,0.34509805,0.34705883,0.3392157,0.327451,0.3254902,0.32843137,0.33039215,0.34411764,0.33431372,0.3509804,0.35392156,0.35588235,0.35,0.35588235,0.3529412,0.3480392,0.3382353,0.33431372,0.34117648,0.3362745,0.3362745,0.33333334,0.33529413,0.31666666,0.3019608,0.3245098,0.33235294,0.3754902,0.36078432,0.37941176,0.477451,0.48333335,0.43823528,0.4392157,0.44509804,0.63725495,0.4970588,0.6039216,0.25,0.517647,0.42352942,0.25,0.34019607,0.5852941,0.5294118,0.6764706,0.69509804,0.70686275,0.69509804,0.6862745,0.66764706,0.5156863,0.5588235,0.5568627,0.5617647,0.56078434,0.5529412,0.52549016,0.27450982,0.27745098,0.4627451,0.46960783,0.49901962,0.5107843,0.5205883,0.5235294,0.5245098,0.66764706,0.43039215,0.41862744,0.40294117,0.56666666,0.46862745,0.46078432,0.3882353,0.46470588,0.5745098,0.4627451,0.4117647,0.72450984,0.6,0.29313725,0.30294117,0.38333333,0.36666667,0.3735294,0.3254902,0.25,0.46078432,0.3382353,0.3529412,0.38137257,0.38235295,0.39117646,0.3990196,0.42352942,0.46764708,0.38431373,0.3892157,0.3617647,0.42745098,0.6098039,0.6098039,0.61764705,0.7078432,0.6931373,0.51666665,0.47058824,0.595098,0.6,0.60882354,0.6058824,0.6098039,0.58137256,0.5833334,0.6372549,0.64705884,0.25,0.2901961,0.29117647,0.2882353,0.25,0.26666668,0.27745098,0.28529412,0.2872549,0.2901961,0.29117647,0.2872549,0.28529412,0.30784315,0.3,0.3107843,0.31862745,0.3156863,0.30784315,0.30980393,0.3156863,0.32058823,0.32352942,0.32352942,0.32843137,0.3254902,0.3372549,0.3019608,0.28333333,0.29215688,0.2872549,0.28039217,0.27941176,0.28431374,0.2882353,0.28529412,0.25392157,0.25882354,0.26666668,0.27254903,0.27058825,0.26666668,0.26666668,0.2647059,0.2647059,0.26666668,0.27058825,0.2754902,0.29117647,0.29803923,0.2990196,0.2990196,0.3009804,0.30882353,0.30392158,0.29509804,0.27058825,0.26960784,0.27156863,0.26862746,0.26568627,0.2647059,0.2647059,0.2637255,0.2647059,0.26764706,0.26862746,0.26960784,0.26862746,0.2647059,0.26666668,0.30686274,0.31764707,0.3137255,0.33529413,0.34019607,0.33333334,0.33431372,0.3382353,0.34019607,0.3392157
0.26862746,0.27450982,0.2735294,0.27254903,0.2754902,0.39019608,0.40784314,0.40490198,0.41274512,0.4019608,0.40392157,0.4117647,0.4254902,0.40392157,0.4107843,0.4137255,0.25588235,0.26666668,0.28137255,0.28431374,0.2784314,0.28137255,0.27745098,0.2764706,0.3019608,0.3019608,0.3019608,0.29509804,0.26666668,0.3137255,0.40490198,0.42450982,0.41470587,0.38137257,0.377451,0.51960784,0.35490197,0.46470588,0.49411765,0.34019607,0.33039215,0.33333334,0.3392157,0.34313726,0.3509804,0.35196078,0.35686275,0.3480392,0.34215686,0.3156863,0.25,0.29607844,0.34509805,0.35980392,0.34705883,0.3382353,0.3372549,0.34313726,0.34607843,0.34705883,0.3372549,0.31666666,0.3156863,0.31960785,0.32352942,0.32647058,0.33039215,0.33333334,0.3362745,0.34411764,0.34117648,0.33039215,0.33235294,0.34901962,0.35392156,0.34019607,0.33333334,0.32941177,0.32843137,0.32843137,0.32941177,0.31960785,0.2990196,0.33039215,0.33431372,0.35882354,0.3617647,0.34705883,0.44117647,0.47352943,0.4254902,0.422549,0.44117647,0.6431372,0.50392157,0.595098,0.5980392,0.25,0.43333334,0.39705884,0.32352942,0.70882356,0.6784314,0.7235294,0.7107843,0.70392156,0.70392156,0.6735294,0.5568627,0.57058823,0.5539216,0.5529412,0.55784315,0.54607844,0.25,0.3382353,0.39803922,0.4882353,0.4764706,0.5117647,0.45490196,0.45882353,0.61764705,0.5294118,0.51862746,0.6156863,0.5519608,0.4019608,0.43823528,0.45392156,0.527451,0.504902,0.5098039,0.46764708,0.46470588,0.4284314,0.36960784,0.77156866,0.55784315,0.2627451,0.3009804,0.2990196,0.3,0.29509804,0.3254902,0.732353,0.34901962,0.3372549,0.29117647,0.3362745,0.34705883,0.3735294,0.4166667,0.44117647,0.43137255,0.40882355,0.41568628,0.25,0.677451,0.63725495,0.517647,0.5627451,0.65588236,0.6294118,0.68235296,0.42058825,0.3509804,0.6,0.5862745,0.5568628,0.5098039,0.53627455,0.52549016,0.28235295,0.2872549,0.28333333,0.2617647,0.25882354,0.2647059,0.26764706,0.2784314,0.28431374,0.29117647,0.29313725,0.29215688,0.3019608,0.3254902,0.32647058,0.33137256,0.3137255,0.30980393,0.30980393,0.3107843,0.31862745,0.3245098,0.30980393,0.31176472,0.31960785,0.3156863,0.31666666,0.28627452,0.28921568,0.28039217,0.2882353,0.2901961,0.29117647,0.28921568,0.29313725,0.29411766,0.30588236,0.2901961,0.27156863,0.26764706,0.26666668,0.2617647,0.2617647,0.2627451,0.2647059,0.26666668,0.27450982,0.28529412,0.29411766,0.29803923,0.3009804,0.30588236,0.31470588,0.30882353,0.28921568,0.29803923,0.27254903,0.26960784,0.26960784,0.27058825,0.2764706,0.27156863,0.26764706,0.2637255,0.2627451,0.2627451,0.2647059,0.26764706,0.26960784,0.27745098,0.30980393,0.30588236,0.3009804,0.33431372,0.33039215,0.32843137,0.33333334,0.33431372,0.3372549,0.33333334,0.3372549,0.3372549,0.33333334
0.27450982,0.2784314,0.26764706,0.28333333,0.31960785,0.3882353,0.39705884,0.39411765,0.41568628,0.40588236,0.4009804,0.39313728,0.41764706,0.39607844,0.40392157,0.40980393,0.26568627,0.2637255,0.2764706,0.28431374,0.28333333,0.2784314,0.2754902,0.2882353,0.2990196,0.2990196,0.29705882,0.2882353,0.27254903,0.35588235,0.45882353,0.4009804,0.43235296,0.47058824,0.38235295,0.3745098,0.41568628,0.42450982,0.3509804,0.3362745,0.34215686,0.34411764,0.3529412,0.35686275,0.35784313,0.3509804,0.34901962,0.35,0.34411764,0.34607843,0.33431372,0.3372549,0.3529412,0.34411764,0.3382353,0.3509804,0.34117648,0.3019608,0.26078433,0.3107843,0.33333334,0.33431372,0.3372549,0.33529413,0.31960785,0.33039215,0.33431372,0.33137256,0.33235294,0.33235294,0.3382353,0.3392157,0.3362745,0.34313726,0.35490197,0.3382353,0.33431372,0.33235294,0.31862745,0.32254902,0.327451,0.32352942,0.3009804,0.32156864,0.31960785,0.36372548,0.35784313,0.3382353,0.4254902,0.45490196,0.42352942,0.4117647,0.4343137,0.6539216,0.5147059,0.60294116,0.59705883,0.3009804,0.4401961,0.42647058,0.32647058,0.73627454,0.732353,0.72156864,0.7176471,0.6980392,0.54509807,0.55,0.55980396,0.5480392,0.54607844,0.5509804,0.27941176,0.34607843,0.34901962,0.3617647,0.48039216,0.49313724,0.45294118,0.48235294,0.5088235,0.47058824,0.5764706,0.5323529,0.504902,0.50196075,0.43627453,0.4137255,0.49509805,0.45588237,0.48137254,0.43823528,0.43333334,0.43333334,0.47156864,0.3647059,0.35392156,0.71862745,0.5715686,0.5352941,0.28137255,0.3009804,0.30980393,0.3137255,0.46862745,0.517647,0.3254902,0.327451,0.28529412,0.327451,0.33431372,0.32156864,0.32156864,0.34411764,0.36568627,0.3019608,0.6186274,0.59019613,0.6098039,0.6490196,0.5441177,0.50784314,0.55490196,0.64607847,0.7529412,0.45784312,0.38529414,0.572549,0.5715686,0.5872549,0.28235295,0.2872549,0.2872549,0.2872549,0.25,0.26666668,0.2647059,0.27450982,0.28039217,0.2882353,0.29313725,0.29411766,0.29117647,0.2901961,0.2901961,0.29803923,0.32843137,0.31960785,0.31960785,0.32647058,0.32254902,0.32254902,0.31764707,0.32254902,0.31862745,0.3107843,0.30882353,0.2872549,0.29117647,0.28627452,0.28333333,0.2882353,0.2872549,0.2882353,0.29215688,0.29509804,0.29509804,0.29411766,0.29705882,0.29803923,0.29803923,0.29705882,0.28431374,0.2637255,0.25588235,0.25882354,0.2617647,0.27745098,0.2872549,0.29215688,0.29803923,0.30294117,0.3107843,0.30784315,0.3,0.3245098,0.35,0.34901962,0.32058823,0.27254903,0.27156863,0.26862746,0.27156863,0.2735294,0.27156863,0.26764706,0.2637255,0.2637255,0.26568627,0.28431374,0.30686274,0.30490196,0.37352943,0.42941177,0.42156863,0.34705883,0.3362745,0.3372549,0.3372549,0.34705883,0.3647059,0.35980392,0.41274512,0.40294117,0.34019607,0.4107843
0.2617647,0.2754902,0.2754902,0.26960784,0.3372549,0.3990196,0.40490198,0.39313728,0.39313728,0.4166667,0.38137257,0.41470587,0.39215687,0.4009804,0.39019608,0.3019608,0.26666668,0.27941176,0.2754902,0.28529412,0.2735294,0.2764706,0.27254903,0.29313725,0.2990196,0.29803923,0.29411766,0.2882353,0.27745098,0.30392158,0.45784315,0.43627453,0.40294117,0.39705884,0.4392157,0.34901962,0.34705883,0.48333335,0.3480392,0.3372549,0.3382353,0.3382353,0.33235294,0.3245098,0.32941177,0.33333334,0.33137256,0.33137256,0.32941177,0.32843137,0.32941177,0.3245098,0.32254902,0.32843137,0.33039215,0.34117648,0.34705883,0.34019607,0.34411764,0.34901962,0.35784313,0.35784313,0.35686275,0.35980392,0.3362745,0.27941176,0.28333333,0.3245098,0.32941177,0.33137256,0.33039215,0.33333334,0.34705883,0.3480392,0.34117648,0.3362745,0.34411764,0.34607843,0.3382353,0.32647058,0.32352942,0.32254902,0.30686274,0.31862745,0.3127451,0.36372548,0.35196078,0.34019607,0.4,0.46470588,0.41862744,0.42352942,0.41274512,0.6294118,0.5245098,0.61176467,0.6,0.34019607,0.44411767,0.4509804,0.3509804,0.6990196,0.70392156,0.69509804,0.69215685,0.66764706,0.5637255,0.5441177,0.54509807,0.5519608,0.43039215,0.2754902,0.35882354,0.35588235,0.4019608,0.36862746,0.45490196,0.4754902,0.47941178,0.49215686,0.47058824,0.53627455,0.527451,0.61372554,0.5254902,0.43039215,0.40980393,0.43627453,0.47058824,0.4627451,0.45392156,0.49607843,0.45,0.42450982,0.4509804,0.42745098,0.35882354,0.5647059,0.64411765,0.5441177,0.2990196,0.30882353,0.32058823,0.3245098,0.56960785,0.34901962,0.32843137,0.31764707,0.3107843,0.31666666,0.3156863,0.33137256,0.3372549,0.34901962,0.49509805,0.37058824,0.3745098,0.43627453,0.47941178,0.61176467,0.61764705,0.53627455,0.63823533,0.6607843,0.7264706,0.48725492,0.3892157,0.5156863,0.25784314,0.29509804,0.2872549,0.27450982,0.2529412,0.2617647,0.26666668,0.27941176,0.28333333,0.28529412,0.29411766,0.29803923,0.29803923,0.2990196,0.29803923,0.2990196,0.29803923,0.2990196,0.32843137,0.3156863,0.31666666,0.31666666,0.32254902,0.32941177,0.327451,0.3245098,0.3019608,0.2901961,0.29215688,0.29215688,0.28333333,0.28529412,0.2882353,0.28921568,0.29215688,0.29117647,0.29117647,0.2901961,0.29117647,0.29215688,0.2901961,0.29117647,0.28431374,0.2764706,0.2735294,0.27941176,0.28627452,0.2872549,0.28431374,0.2882353,0.28137255,0.29313725,0.29509804,0.28627452,0.31960785,0.3627451,0.3627451,0.35490197,0.35980392,0.36666667,0.33235294,0.26862746,0.26764706,0.26764706,0.26862746,0.26568627,0.2647059,0.2647059,0.28627452,0.30588236,0.28921568,0.4862745,0.52254903,0.3392157,0.4392157,0.46764708,0.3745098,0.44215685,0.4284314,0.3745098,0.45686275,0.4862745,0.49411765,0.37941176,0.51862746,0.52156866,0.41960785,0.5
0.2784314,0.27254903,0.2754902,0.27254903,0.3137255,0.4,0.38529414,0.39313728,0.40784314,0.3882353,0.39509803,0.39117646,0.3872549,0.3735294,0.38137257,0.26666668,0.2617647,0.2764706,0.2735294,0.2764706,0.26666668,0.26862746,0.27941176,0.3,0.3,0.29411766,0.3,0.26764706,0.27058825,0.35490197,0.40392157,0.38333333,0.43529412,0.46078432,0.45980394,0.36372548,0.3617647,0.44215685,0.34607843,0.35392156,0.35686275,0.3627451,0.35882354,0.35784313,0.35980392,0.35588235,0.35196078,0.35490197,0.35196078,0.34901962,0.34411764,0.3382353,0.3372549,0.32352942,0.32647058,0.3372549,0.33333334,0.34313726,0.35196078,0.35392156,0.35196078,0.36078432,0.35784313,0.36078432,0.35686275,0.3617647,0.3647059,0.36666667,0.36372548,0.35490197,0.35196078,0.33333334,0.2882353,0.26960784,0.31764707,0.33333334,0.33235294,0.34313726,0.34117648,0.33137256,0.32843137,0.31862745,0.3,0.3254902,0.32941177,0.36568627,0.34313726,0.3392157,0.40882355,0.42058825,0.41960785,0.4117647,0.4117647,0.5735294,0.53137255,0.595098,0.59411764,0.36176473,0.45882353,0.44705883,0.5147059,0.70392156,0.6990196,0.69509804,0.69215685,0.6754902,0.6480392,0.54607844,0.51666665,0.27058825,0.31176472,0.48235294,0.39215687,0.34019607,0.33431372,0.34509805,0.43235296,0.48921567,0.4764706,0.4852941,0.4735294,0.527451,0.52156866,0.5588236,0.43823528,0.57450986,0.3892157,0.41568628,0.44313726,0.45588237,0.4764706,0.45980394,0.47941178,0.50784314,0.45882353,0.35784313,0.35,0.5637255,0.7823529,0.53137255,0.5147059,0.30588236,0.3019608,0.6215686,0.57843137,0.32941177,0.3254902,0.3372549,0.31862745,0.30882353,0.32941177,0.3372549,0.35882354,0.3764706,0.3735294,0.36960784,0.3754902,0.37058824,0.41568628,0.49019608,0.57843137,0.5352941,0.66764706,0.6303922,0.5627451,0.47941178,0.4107843,0.29117647,0.29215688,0.2509804,0.2647059,0.25588235,0.2764706,0.28137255,0.2872549,0.29117647,0.2882353,0.29509804,0.29607844,0.3009804,0.29803923,0.3,0.29705882,0.2901961,0.28431374,0.28627452,0.3245098,0.32647058,0.32941177,0.32941177,0.32647058,0.31666666,0.28039217,0.28627452,0.28333333,0.28137255,0.28627452,0.2882353,0.28627452,0.25,0.25980392,0.26764706,0.28039217,0.2882353,0.2901961,0.2901961,0.29117647,0.2872549,0.28333333,0.2784314,0.28137255,0.28529412,0.28627452,0.2872549,0.28921568,0.28529412,0.2784314,0.28235295,0.29215688,0.3245098,0.34705883,0.35686275,0.35,0.35196078,0.36960787,0.3627451,0.34509805,0.34215686,0.3372549,0.27450982,0.2647059,0.2647059,0.2647059,0.2882353,0.3019608,0.2627451,0.57549024,0.69509804,0.7,0.6882353,0.6539216,0.3529412,0.32156864,0.5,0.48725492,0.47843137,0.54509807,0.4735294,0.50196075,0.57549024,0.5686275,0.46862745,0.54509807,0.5519608,0.50392157,0.57450986
